"pre_host","max(prev)","min(prev)","prev_num"
"715bf071.djim0.top","https://715bf071.djim0.top/","https://715bf071.djim0.top/","3"
"715bg034.iv7m8.top","https://715bg034.iv7m8.top/","https://715bg034.iv7m8.top/","6"
"719yh163.lg3af.com","https://719yh163.lg3af.com/","https://719yh163.lg3af.com/","3"
"71du008.ofx2e.com","https://71du008.ofx2e.com/","https://71du008.ofx2e.com/","4"
"710cpa4.xv7kr.com","https://710cpa4.xv7kr.com/","https://710cpa4.xv7kr.com/","3"
"712cpc06.z4j7y.com","https://712cpc06.z4j7y.com/","https://712cpc06.z4j7y.com/","5"
"714dla101.n1vl1y.top","https://714dla101.n1vl1y.top/","https://714dla101.n1vl1y.top/","3"
"711cpb15.0de7z.com","https://711cpb15.0de7z.com/","https://711cpb15.0de7z.com/","7"
"712fl680.ztn64.qmkdm.com","https://712fl680.ztn64.qmkdm.com/","https://712fl680.ztn64.qmkdm.com/","3"
"712sl001.mj56l.com","https://712sl001.mj56l.com/","https://712sl001.mj56l.com/","3"
"715cpa12.rr8kr.com","https://715cpa12.rr8kr.com/","https://715cpa12.rr8kr.com/","6"
"713dao01.diotb.qqvvx.com","https://713dao01.diotb.qqvvx.com/","https://713dao01.diotb.qqvvx.com/","3"
"719pt2.e67c7.com","https://719pt2.e67c7.com/","https://719pt2.e67c7.com/","7"
"710bs258.e1x56.top","https://710bs258.e1x56.top/","https://710bs258.e1x56.top/","5"
"710dh079.kjnkhy.cn","https://710dh079.kjnkhy.cn/","https://710dh079.kjnkhy.cn/","4"
"711cpc03.bydtz.com","https://711cpc03.bydtz.com/","https://711cpc03.bydtz.com/","3"
"712bf668.uhgle.top","https://712bf668.uhgle.top/","https://712bf668.uhgle.top/","3"
"714cpa06.u2q1no.com","https://714cpa06.u2q1no.com/news/index.html","https://714cpa06.u2q1no.com/news/index.html","3"
"716cpb18.w67gf.com","https://716cpb18.w67gf.com/","https://716cpb18.w67gf.com/","3"
"71du009.q78gf.com","https://71du009.q78gf.com/","https://71du009.q78gf.com/","3"
"711cpc125.k0in8.com","https://711cpc125.k0in8.com/","https://711cpc125.k0in8.com/","3"
"711cpc94.u68qm.com","https://711cpc94.u68qm.com/","https://711cpc94.u68qm.com/","3"
"712gysp26.w6nf4y.top","https://712gysp26.w6nf4y.top/","https://712gysp26.w6nf4y.top/","4"
"714qt090.2md1n.top","https://714qt090.2md1n.top/","https://714qt090.2md1n.top/","4"
"718bf059.bxxkg.top","https://718bf059.bxxkg.top/","https://718bf059.bxxkg.top/","5"
"718dt100.a78gv.cxjzmj.com","https://718dt100.a78gv.cxjzmj.com/","https://718dt100.a78gv.cxjzmj.com/","5"
"719sf4.hw4h5.com","https://719sf4.hw4h5.com/","https://719sf4.hw4h5.com/","9"
"719yhp18.ue69hu.com","https://719yhp18.ue69hu.com/moc/by/index.html","https://719yhp18.ue69hu.com/moc/by/index.html","3"
"710c209.dwt1v.com","https://710c209.dwt1v.com/","https://710c209.dwt1v.com/","3"
"711cpc01.maufr.com","https://711cpc01.maufr.com/","https://711cpc01.maufr.com/","14"
"716dla110.z6pp3n.top","https://716dla110.z6pp3n.top/","https://716dla110.z6pp3n.top/","4"
"718cpa7.qsaw0.com","https://718cpa7.qsaw0.com/","https://718cpa7.qsaw0.com/","3"
"721ww16.f1ik3f.top","https://721ww16.f1ik3f.top/","https://721ww16.f1ik3f.top/","4"
"721yh176.0x8ls.com","https://721yh176.0x8ls.com/","https://721yh176.0x8ls.com/","3"
"713fc805.j0pt3.top","https://713fc805.j0pt3.top/","https://713fc805.j0pt3.top/","3"
"715bs493.zm63u.top","https://715bs493.zm63u.top/","https://715bs493.zm63u.top/","3"
"71661.xn--jlqw4t0uf9tbp99f.cn","https://71661.xn--jlqw4t0uf9tbp99f.cn/25027_buzz#/","https://71661.xn--jlqw4t0uf9tbp99f.cn/25027_buzz#/","18"
"719dx202.djw.sqsbyg.cn","https://719dx202.djw.sqsbyg.cn/","https://719dx202.djw.sqsbyg.cn/","3"
"710cpa6.4okci.com","https://710cpa6.4okci.com/","https://710cpa6.4okci.com/","3"
"71114.yybfifa.com","https://71114.yybfifa.com/landing?channel=zhlxdzmaaaaaaaaaaaaaainft5ns&dir=/fr443/dyqw3/af0d232ecb884d2a6a1c16762bd49ca1&p_channel=fr443&app_id=1926&plat=3&jump_link=","https://71114.yybfifa.com/landing?channel=a2zryneaaaaaaaaaaaaaadz1id7f&dir=/fr443/kfkbq/12d0f8faa7f472675a08bb1d3f6908a3&p_channel=fr443&app_id=1926&plat=3&jump_link=","71"
"711cpc57.ilq9v.com","https://711cpc57.ilq9v.com/","https://711cpc57.ilq9v.com/","4"
"713cc010.0sg0g.top","https://713cc010.0sg0g.top/","https://713cc010.0sg0g.top/","3"
"710yh213.xbrjj.com","https://710yh213.xbrjj.com/","https://710yh213.xbrjj.com/","3"
"712bf584.iyp05.top","https://712bf584.iyp05.top/","https://712bf584.iyp05.top/","5"
"713qt040.n0jvr.top","https://713qt040.n0jvr.top/","https://713qt040.n0jvr.top/","4"
"719bf518.gmzvm.top","https://719bf518.gmzvm.top/","https://719bf518.gmzvm.top/","3"
"710cpk17.laf8tr.com","https://710cpk17.laf8tr.com/moc/by/index.html","https://710cpk17.laf8tr.com/moc/by/index.html","3"
"710fc840.h8i67.top","https://710fc840.h8i67.top/","https://710fc840.h8i67.top/","3"
"711dla104.c3fs4w.top","https://711dla104.c3fs4w.top/","https://711dla104.c3fs4w.top/","3"
"714c136.xtxvd.com","https://714c136.xtxvd.com/","https://714c136.xtxvd.com/","3"
"715c212.080zk.com","https://715c212.080zk.com/","https://715c212.080zk.com/","3"
"716sl155.b0416.com","https://716sl155.b0416.com/","https://716sl155.b0416.com/","4"
"718fc636.x5eri.top","https://718fc636.x5eri.top/","https://718fc636.x5eri.top/","3"
"721sf5.9ursg.top","https://721sf5.9ursg.top/","https://721sf5.9ursg.top/","6"
"711hu124.jds46.fqstyj.com","https://711hu124.jds46.fqstyj.com/","https://711hu124.jds46.fqstyj.com/","3"
"712pt01.yg8n1.com","https://712pt01.yg8n1.com/","https://712pt01.yg8n1.com/","4"
"713cpa8.av6ix.com","https://713cpa8.av6ix.com/","https://713cpa8.av6ix.com/","5"
"715cpa10.o6eto.com","https://715cpa10.o6eto.com/","https://715cpa10.o6eto.com/","5"
"716a75.x1dtb.com","https://716a75.x1dtb.com/","https://716a75.x1dtb.com/","3"
"719fc563.qlkdr.top","https://719fc563.qlkdr.top/","https://719fc563.qlkdr.top/","3"
"711cpc04.4h1k5.com","https://711cpc04.4h1k5.com/","https://711cpc04.4h1k5.com/","3"
"712cc250.gm8kh.top","https://712cc250.gm8kh.top/","https://712cc250.gm8kh.top/","3"
"713fc058.t63no.top","https://713fc058.t63no.top/","http://713fc058.t63no.top/","27"
"714fc890.hyihg.top","https://714fc890.hyihg.top/","https://714fc890.hyihg.top/","3"
"717cpk17.ti9k9v.com","https://717cpk17.ti9k9v.com/moc/by/index.html","https://717cpk17.ti9k9v.com/moc/by/index.html","12"
"717fl710.hgw72.rullqme.com","https://717fl710.hgw72.rullqme.com/","https://717fl710.hgw72.rullqme.com/","3"
"718b023.6727ay.com","https://718b023.6727ay.com/ping/main.html","https://718b023.6727ay.com/ping/main.html","3"
"721dla107.mnd19.kpntpv.cn","https://721dla107.mnd19.kpntpv.cn/","https://721dla107.mnd19.kpntpv.cn/","3"
"721dx237.elpqqz.cn","https://721dx237.elpqqz.cn/","https://721dx237.elpqqz.cn/","3"
"711dx20.e944v78s.top","https://711dx20.e944v78s.top/","https://711dx20.e944v78s.top/","3"
"712bf306.2lf5f.top","https://712bf306.2lf5f.top/","https://712bf306.2lf5f.top/","4"
"712cc229.lt338.top","https://712cc229.lt338.top/","https://712cc229.lt338.top/","3"
"713bf289.zqd26.top","https://713bf289.zqd26.top/","https://713bf289.zqd26.top/","3"
"713sl001.1plf7.com","https://713sl001.1plf7.com/","https://713sl001.1plf7.com/","3"
"715fc725.jyh0z.top","https://715fc725.jyh0z.top/","https://715fc725.jyh0z.top/","9"
"716bf002.jv2yz.top","https://716bf002.jv2yz.top/","https://716bf002.jv2yz.top/","4"
"718dla174.tzsch.wlsmlt.com","https://718dla174.tzsch.wlsmlt.com/","https://718dla174.tzsch.wlsmlt.com/","3"
"710bf524.jn71e.top","https://710bf524.jn71e.top/","https://710bf524.jn71e.top/","3"
"713cc368.36r78.top","https://713cc368.36r78.top/","https://713cc368.36r78.top/","3"
"713gymj6.ygdx7346.top","https://713gymj6.ygdx7346.top/","https://713gymj6.ygdx7346.top/","3"
"714xssp10.k9od4a.top","https://714xssp10.k9od4a.top/","https://714xssp10.k9od4a.top/","4"
"718fc129.k2r1u.top","https://718fc129.k2r1u.top/","https://718fc129.k2r1u.top/","3"
"721bf060.703gq.top","https://721bf060.703gq.top/","https://721bf060.703gq.top/","3"
"711cpc01.aht1x.com","https://711cpc01.aht1x.com/","https://711cpc01.aht1x.com/","8"
"713cpc14.7eqm5.com","https://713cpc14.7eqm5.com/","https://713cpc14.7eqm5.com/","5"
"716bf510.kwnsv.top","https://716bf510.kwnsv.top/","https://716bf510.kwnsv.top/","6"
"718bf172.0u3vu.top","https://718bf172.0u3vu.top/","https://718bf172.0u3vu.top/","4"
"71du008.av8nt.com","https://71du008.av8nt.com/","https://71du008.av8nt.com/","3"
"721xu011.lbx51.msleia.cn","https://721xu011.lbx51.msleia.cn/","https://721xu011.lbx51.msleia.cn/","3"
"711ht138.ayjwu.xyz","https://711ht138.ayjwu.xyz/","https://711ht138.ayjwu.xyz/","5"
"712bs472.tyh71.top","https://712bs472.tyh71.top/","https://712bs472.tyh71.top/","4"
"714771.xn--jlqw4t0uf9tbp99f.cn","https://714771.xn--jlqw4t0uf9tbp99f.cn/zedww_jd","https://714771.xn--jlqw4t0uf9tbp99f.cn/zedww_jd","32"
"716dt24.w2be3i.top","https://716dt24.w2be3i.top/","https://716dt24.w2be3i.top/","5"
"712cpa6.hcvfe.com","https://712cpa6.hcvfe.com/","https://712cpa6.hcvfe.com/","10"
"715dla23.a4vy3t.top","https://715dla23.a4vy3t.top/","https://715dla23.a4vy3t.top/","4"
"716bs302.3m5kd.top","https://716bs302.3m5kd.top/","https://716bs302.3m5kd.top/","3"
"710yh397.0mrxd.com","https://710yh397.0mrxd.com/","https://710yh397.0mrxd.com/","3"
"715cpc03.14c2r.com","https://715cpc03.14c2r.com/","https://715cpc03.14c2r.com/","3"
"719b243.xdp96.com","https://719b243.xdp96.com/","https://719b243.xdp96.com/","3"
"721d229.tb1cy.com","https://721d229.tb1cy.com/","https://721d229.tb1cy.com/","3"
"710dla141.h7gk1u.top","https://710dla141.h7gk1u.top/","https://710dla141.h7gk1u.top/","4"
"716cpc01.j7ss2.com","https://716cpc01.j7ss2.com/","https://716cpc01.j7ss2.com/","3"
"711cpc20.k0in8.com","https://711cpc20.k0in8.com/","https://711cpc20.k0in8.com/","3"
"712dx133.jjab6lgs.top","https://712dx133.jjab6lgs.top/","https://712dx133.jjab6lgs.top/","3"
"714cc216.zzl1l.top","https://714cc216.zzl1l.top/","https://714cc216.zzl1l.top/","3"
"718bh109.uaghf.com","https://718bh109.uaghf.com/","https://718bh109.uaghf.com/","5"
"711bf252.x6leg.top","https://711bf252.x6leg.top/","https://711bf252.x6leg.top/","4"
"711cc460.xuji7.top","https://711cc460.xuji7.top/","https://711cc460.xuji7.top/","9"
"711cpa9.npk8h.com","https://711cpa9.npk8h.com/","https://711cpa9.npk8h.com/","3"
"711cpc02.3zn6k.com","https://711cpc02.3zn6k.com/","https://711cpc02.3zn6k.com/","4"
"712yh321.407ct.com","https://712yh321.407ct.com/","https://712yh321.407ct.com/","4"
"714dla102.i6xi5t.top","https://714dla102.i6xi5t.top/","https://714dla102.i6xi5t.top/","5"
"715cpc04.ers5c.com","https://715cpc04.ers5c.com/","https://715cpc04.ers5c.com/","5"
"716bh158.9m8kd.com","https://716bh158.9m8kd.com/","https://716bh158.9m8kd.com/","3"
"711bf572.wnbbr.top","https://711bf572.wnbbr.top/","https://711bf572.wnbbr.top/","3"
"711cpc23.caa63.com","https://711cpc23.caa63.com/","https://711cpc23.caa63.com/","3"
"712cc067.8nsou.top","https://712cc067.8nsou.top/","https://712cc067.8nsou.top/","3"
"713yh36.y1ess.com","https://713yh36.y1ess.com/","https://713yh36.y1ess.com/","3"
"716cpc05.d055b.com","https://716cpc05.d055b.com/","https://716cpc05.d055b.com/","5"
"719dong05.4mzi1.top","https://719dong05.4mzi1.top/","https://719dong05.4mzi1.top/","7"
"71du022.vb0h4.com","https://71du022.vb0h4.com/","https://71du022.vb0h4.com/","24"
"710cpa2.zn9ut.com","https://710cpa2.zn9ut.com/","https://710cpa2.zn9ut.com/","7"
"712sl001.l7y6d.com","https://712sl001.l7y6d.com/","https://712sl001.l7y6d.com/","4"
"713bg024.1onk3.top","https://713bg024.1onk3.top/","https://713bg024.1onk3.top/","4"
"714cpk22.9tc241.com","https://714cpk22.9tc241.com/moc/by/index.html?channelcode=714cpk22","https://714cpk22.9tc241.com/moc/by/index.html?channelcode=714cpk22","3"
"718sf5.lv3ww.com","https://718sf5.lv3ww.com/","https://718sf5.lv3ww.com/","4"
"719cpa3.7aqcw.com","https://719cpa3.7aqcw.com/","https://719cpa3.7aqcw.com/","3"
"710bh899.r08j7.com","https://710bh899.r08j7.com/","https://710bh899.r08j7.com/","6"
"711bh924.e42ut.com","https://711bh924.e42ut.com/","https://711bh924.e42ut.com/","3"
"711cpb05.ujg8s.com","https://711cpb05.ujg8s.com/","https://711cpb05.ujg8s.com/","4"
"713yj056.fgc30.qqvvx.com","https://713yj056.fgc30.qqvvx.com/","https://713yj056.fgc30.qqvvx.com/","3"
"712dh078.nroro.cn","https://712dh078.nroro.cn/","https://712dh078.nroro.cn/","3"
"721dt67.qet49.pnpkaf.cn","https://721dt67.qet49.pnpkaf.cn/","https://721dt67.qet49.pnpkaf.cn/","4"
"721t1.thp6r.top","https://721t1.thp6r.top/","https://721t1.thp6r.top/","3"
"710ls195.xnyep.cn","https://710ls195.xnyep.cn/","https://710ls195.xnyep.cn/","4"
"711dh014.htcqc.cn","https://711dh014.htcqc.cn/","https://711dh014.htcqc.cn/","4"
"712fc573.v1uyz.top","https://712fc573.v1uyz.top/","https://712fc573.v1uyz.top/","3"
"713dla106.q8ok7l.top","https://713dla106.q8ok7l.top/","https://713dla106.q8ok7l.top/","3"
"714fc152.mfi6q.top","https://714fc152.mfi6q.top/","https://714fc152.mfi6q.top/","5"
"716sf1.62sbk.com","https://716sf1.62sbk.com/","https://716sf1.62sbk.com/","6"
"71du022.k84vw.com","https://71du022.k84vw.com/","https://71du022.k84vw.com/","12"
"710c102.2ps8d.com","https://710c102.2ps8d.com/","https://710c102.2ps8d.com/","3"
"711dx89.sg8d2031.top","https://711dx89.sg8d2031.top/","https://711dx89.sg8d2031.top/","11"
"716bf616.ofkpg.top","https://716bf616.ofkpg.top/","https://716bf616.ofkpg.top/","3"
"716cpb18.ili97.com","https://716cpb18.ili97.com/","https://716cpb18.ili97.com/","3"
"712dx30.wos6jbef.top","https://712dx30.wos6jbef.top/","https://712dx30.wos6jbef.top/","4"
"715fc404.3l56b.top","https://715fc404.3l56b.top/","https://715fc404.3l56b.top/","5"
"715qt023.rdtuj.top","https://715qt023.rdtuj.top/","https://715qt023.rdtuj.top/","3"
"719ht082.b3kjw.top","https://719ht082.b3kjw.top/","https://719ht082.b3kjw.top/","4"
"719qq602.twg1t.top","https://719qq602.twg1t.top/","https://719qq602.twg1t.top/","5"
"721fc031.fihs6.top","https://721fc031.fihs6.top/","https://721fc031.fihs6.top/","14"
"711cpk73.jy79mf.com","https://711cpk73.jy79mf.com/moc/by/index.html?channelcode=711cpk73","https://711cpk73.jy79mf.com/moc/by/index.html?channelcode=711cpk73","7"
"713bh126.0nobx.com","https://713bh126.0nobx.com/","https://713bh126.0nobx.com/","3"
"714b029.wgn2e8.com","https://714b029.wgn2e8.com:5001/qx2elq/index.html","https://714b029.wgn2e8.com:5001/qx2elq/index.html","5"
"716cpc02.5y9ky.com","https://716cpc02.5y9ky.com/","https://716cpc02.5y9ky.com/","6"
"718031.xn--jlqw4t0uf9tbp99f.cn","https://718031.xn--jlqw4t0uf9tbp99f.cn/saazw_js","https://718031.xn--jlqw4t0uf9tbp99f.cn/saazw_js","28"
"721sl154.jjzd8.com","https://721sl154.jjzd8.com/","https://721sl154.jjzd8.com/","3"
"721yh118.6p3n0.com","https://721yh118.6p3n0.com/","https://721yh118.6p3n0.com/","6"
"710cc375.uxlj6.top","https://710cc375.uxlj6.top/","https://710cc375.uxlj6.top/","4"
"713sf1.nfr39.com","https://713sf1.nfr39.com/","https://713sf1.nfr39.com/","12"
"718cpb01.mw64u.com","https://718cpb01.mw64u.com/","https://718cpb01.mw64u.com/","7"
"711cpk68.0lo9fj.com","https://711cpk68.0lo9fj.com/moc/by/index.html?channelcode=711cpk68","https://711cpk68.0lo9fj.com/moc/by/index.html?channelcode=711cpk68","3"
"711fc717.jz7jw.top","https://711fc717.jz7jw.top/","https://711fc717.jz7jw.top/","4"
"711ls170.nfaor.cn","https://711ls170.nfaor.cn/","https://711ls170.nfaor.cn/","3"
"714d18.aor7f.top","https://714d18.aor7f.top/","https://714d18.aor7f.top/","10"
"710b3.hy8z2.com","https://710b3.hy8z2.com/","https://710b3.hy8z2.com/","5"
"710bs354.fihty.top","https://710bs354.fihty.top/","https://710bs354.fihty.top/","3"
"710dx254.y49ij9t0.top","https://710dx254.y49ij9t0.top/","https://710dx254.y49ij9t0.top/","4"
"711bh348.tj8my.com","https://711bh348.tj8my.com/","https://711bh348.tj8my.com/","3"
"711bs250.po5lo.top","https://711bs250.po5lo.top/","https://711bs250.po5lo.top/","4"
"711fc682.q8puo.top","https://711fc682.q8puo.top/","https://711fc682.q8puo.top/","4"
"711yh293.54rzk.com","https://711yh293.54rzk.com/","https://711yh293.54rzk.com/","3"
"712bs337.ym3pt.top","https://712bs337.ym3pt.top/","https://712bs337.ym3pt.top/","3"
"713bs170.627g0.top","https://713bs170.627g0.top/","https://713bs170.627g0.top/","5"
"714cpk22.wt2f5v.com","https://714cpk22.wt2f5v.com/moc/by/index.html?channelcode=714cpk22","https://714cpk22.wt2f5v.com/moc/by/index.html?channelcode=714cpk22","3"
"715bh922.7q5ih.com","https://715bh922.7q5ih.com/","https://715bh922.7q5ih.com/","3"
"715bs539.g1ofo.top","https://715bs539.g1ofo.top/","https://715bs539.g1ofo.top/","3"
"710yh428.6j75s.com","https://710yh428.6j75s.com/","https://710yh428.6j75s.com/","3"
"711bf553.y8k05.top","https://711bf553.y8k05.top/","https://711bf553.y8k05.top/","3"
"71426.cam","https://71426.cam/#","http://71426.cam/#","4"
"714yh119.lo0me.com","https://714yh119.lo0me.com/","https://714yh119.lo0me.com/","5"
"710bf412.8zqov.top","https://710bf412.8zqov.top/","https://710bf412.8zqov.top/","5"
"711cpa4.9rski.com","https://711cpa4.9rski.com/","https://711cpa4.9rski.com/","3"
"713bf287.ydsqu.top","https://713bf287.ydsqu.top/","https://713bf287.ydsqu.top/","3"
"713cc350.phfm0.top","https://713cc350.phfm0.top/","https://713cc350.phfm0.top/","3"
"714cc279.fqrfe.top","https://714cc279.fqrfe.top/","https://714cc279.fqrfe.top/","3"
"716pt5.iwgzd.com","https://716pt5.iwgzd.com/","https://716pt5.iwgzd.com/","6"
"718yhp130.fhno5d.com","https://718yhp130.fhno5d.com/moc/by/index.html","https://718yhp130.fhno5d.com/moc/by/index.html","7"
"71du004.mj56l.com","https://71du004.mj56l.com/","https://71du004.mj56l.com/","4"
"710cpa11.ifpwk.com","https://710cpa11.ifpwk.com/","https://710cpa11.ifpwk.com/","5"
"718bf358.hgbpt.top","https://718bf358.hgbpt.top/","https://718bf358.hgbpt.top/","4"
"719bf389.1i30v.top","https://719bf389.1i30v.top/","https://719bf389.1i30v.top/","3"
"714cpk20.9tc241.com","https://714cpk20.9tc241.com/moc/by/index.html?channelcode=714cpk20","https://714cpk20.9tc241.com/moc/by/index.html?channelcode=714cpk20","8"
"714cpk28.ldp244.com","https://714cpk28.ldp244.com/moc/by/index.html?channelcode=714cpk28","https://714cpk28.ldp244.com/moc/by/index.html?channelcode=714cpk28","8"
"716c545.bejlc.com","https://716c545.bejlc.com/","https://716c545.bejlc.com/","3"
"710bh71.455q9.com","https://710bh71.455q9.com/","https://710bh71.455q9.com/","3"
"711cpc06.p10q7.com","https://711cpc06.p10q7.com/","https://711cpc06.p10q7.com/","6"
"711yhp175.76kril.com","https://711yhp175.76kril.com/moc/by/index.html","https://711yhp175.76kril.com/moc/by/index.html","4"
"715bf061.mf568.top","https://715bf061.mf568.top/","https://715bf061.mf568.top/","3"
"715bf326.glw82.top","https://715bf326.glw82.top/","https://715bf326.glw82.top/","3"
"718zok12.zvznv.com","https://718zok12.zvznv.com/","https://718zok12.zvznv.com/","4"
"719yh88.lg3af.com","https://719yh88.lg3af.com/","https://719yh88.lg3af.com/","3"
"721fc032.v83sp.top","https://721fc032.v83sp.top/","https://721fc032.v83sp.top/","9"
"710bs459.ijkob.top","https://710bs459.ijkob.top/","https://710bs459.ijkob.top/","3"
"712b199.ogxl6.com","https://712b199.ogxl6.com/","https://712b199.ogxl6.com/","3"
"712c333.rj57f.com","https://712c333.rj57f.com/","https://712c333.rj57f.com/","3"
"714cpk19.2ics0v.com","https://714cpk19.2ics0v.com/moc/by/index.html?channelcode=714cpk19","https://714cpk19.2ics0v.com/moc/by/index.html?channelcode=714cpk19","7"
"716bf536.enwp8.top","https://716bf536.enwp8.top/","https://716bf536.enwp8.top/","4"
"718fc038.58zbp.top","https://718fc038.58zbp.top/","https://718fc038.58zbp.top/","14"
"719ht115.p00h1.top","https://719ht115.p00h1.top/","https://719ht115.p00h1.top/","3"
"719sl002.yhyk7.com","https://719sl002.yhyk7.com/","https://719sl002.yhyk7.com/","3"
"710cc164.utrw7.top","https://710cc164.utrw7.top/","https://710cc164.utrw7.top/","3"
"710sl070.udhqv.com","https://710sl070.udhqv.com/","https://710sl070.udhqv.com/","3"
"711bs408.1m26y.top","https://711bs408.1m26y.top/","https://711bs408.1m26y.top/","3"
"714bf106.kvksy.top","https://714bf106.kvksy.top/","https://714bf106.kvksy.top/","5"
"710ls221.botzl.cn","https://710ls221.botzl.cn/","https://710ls221.botzl.cn/","3"
"715bh904.o6eto.com","https://715bh904.o6eto.com/","https://715bh904.o6eto.com/","3"
"71745b.xvifmvksl.com","https://71745b.xvifmvksl.com/chan/gs4713/acjfj","https://71745b.xvifmvksl.com/chan/gs3933/hbmx","6"
"710bg073.71hk3.top","https://710bg073.71hk3.top/","https://710bg073.71hk3.top/","3"
"714jima09.nxa71.rylvib.com","https://714jima09.nxa71.rylvib.com/","http://714jima09.nxa71.rylvib.com/","8"
"714yh200.k97t9.com","https://714yh200.k97t9.com/","https://714yh200.k97t9.com/","3"
"715yh144.9v5j0.com","https://715yh144.9v5j0.com/","https://715yh144.9v5j0.com/","3"
"716cpk06.2ics0v.com","https://716cpk06.2ics0v.com/moc/by/index.html","https://716cpk06.2ics0v.com/moc/by/index.html","3"
"719dla184.klmkz.hcyuzl.cn","https://719dla184.klmkz.hcyuzl.cn/","https://719dla184.klmkz.hcyuzl.cn/","3"
"721dla29.nqt98.kpntpv.cn","https://721dla29.nqt98.kpntpv.cn/","https://721dla29.nqt98.kpntpv.cn/","4"
"712pt04.y0dly.com","https://712pt04.y0dly.com/","https://712pt04.y0dly.com/","3"
"713hu108.idf84.qqvvx.com","https://713hu108.idf84.qqvvx.com/","https://713hu108.idf84.qqvvx.com/","3"
"714yhq8.6n3cl.com","https://714yhq8.6n3cl.com/","https://714yhq8.6n3cl.com/","3"
"715bh929.o6eto.com","https://715bh929.o6eto.com/","https://715bh929.o6eto.com/","3"
"719bf050.ghlu3.top","https://719bf050.ghlu3.top/","https://719bf050.ghlu3.top/","5"
"721cpa1.1ggwp.com","https://721cpa1.1ggwp.com/","https://721cpa1.1ggwp.com/","5"
"710bg108.0whtd.top","https://710bg108.0whtd.top/","https://710bg108.0whtd.top/","3"
"711dx161.qp6wy7b2.top","https://711dx161.qp6wy7b2.top/","https://711dx161.qp6wy7b2.top/","3"
"714fc044.nh67t.top","https://714fc044.nh67t.top/","https://714fc044.nh67t.top/","3"
"715dx127.yyost28o.top","https://715dx127.yyost28o.top/","https://715dx127.yyost28o.top/","3"
"716cc213.khttx.top","https://716cc213.khttx.top/","https://716cc213.khttx.top/","3"
"718qt040.rlx60.top","http://718qt040.rlx60.top/","http://718qt040.rlx60.top/","4"
"719cpk02.mpd4e1.com","https://719cpk02.mpd4e1.com/moc/by/index.html","https://719cpk02.mpd4e1.com/moc/by/index.html","6"
"719dx112.obt.sqsbyg.cn","https://719dx112.obt.sqsbyg.cn/","https://719dx112.obt.sqsbyg.cn/","6"
"71ilay.xqxb6.com","https://71ilay.xqxb6.com/ui/?channelcode=jc15","https://71ilay.xqxb6.com/ui/?channelcode=jc15","4"
"721cpa5.vbbon.com","https://721cpa5.vbbon.com/","https://721cpa5.vbbon.com/","7"
"711cpk59.egw42r.com","https://711cpk59.egw42r.com/moc/by/index.html?channelcode=711cpk59","https://711cpk59.egw42r.com/moc/by/index.html?channelcode=711cpk59","3"
"712cpb05.z3h21.com","https://712cpb05.z3h21.com/","https://712cpb05.z3h21.com/","3"
"713cpa6.cayj8.com","https://713cpa6.cayj8.com/","https://713cpa6.cayj8.com/","3"
"714c31.f3r6v.com","https://714c31.f3r6v.com/","https://714c31.f3r6v.com/","3"
"714cpk22.n1byg.com","https://714cpk22.n1byg.com/","https://714cpk22.n1byg.com/","4"
"716c89.x397a.com","https://716c89.x397a.com/","https://716c89.x397a.com/","3"
"718ls013.dtluuxb.cn","https://718ls013.dtluuxb.cn/","https://718ls013.dtluuxb.cn/","3"
"721ww58.b6yr5k.top","https://721ww58.b6yr5k.top/","https://721ww58.b6yr5k.top/","3"
"710ls212.botzl.cn","https://710ls212.botzl.cn/","https://710ls212.botzl.cn/","7"
"712bf372.7m0u5.top","https://712bf372.7m0u5.top/","https://712bf372.7m0u5.top/","4"
"712xiao02.hxg69.stskai.com","https://712xiao02.hxg69.stskai.com/","https://712xiao02.hxg69.stskai.com/","4"
"712yh102.v3sbo.com","https://712yh102.v3sbo.com/","https://712yh102.v3sbo.com/","3"
"713dla250.o3ms6m.top","https://713dla250.o3ms6m.top/","https://713dla250.o3ms6m.top/","5"
"715cpb01.73idx.com","https://715cpb01.73idx.com/","https://715cpb01.73idx.com/","9"
"716bf378.v1zer.top","https://716bf378.v1zer.top/","https://716bf378.v1zer.top/","3"
"718df50.ajm42.jusczz.com","https://718df50.ajm42.jusczz.com/","https://718df50.ajm42.jusczz.com/","5"
"718sl090.xh97o.com","https://718sl090.xh97o.com/","https://718sl090.xh97o.com/","3"
"711bs244.1o2dp.top","https://711bs244.1o2dp.top/","https://711bs244.1o2dp.top/","3"
"711fc044.keoer.top","https://711fc044.keoer.top/","https://711fc044.keoer.top/","3"
"712df3.s3iz6v.top","https://712df3.s3iz6v.top/","https://712df3.s3iz6v.top/","3"
"718fc499.ybqxq.top","https://718fc499.ybqxq.top/","https://718fc499.ybqxq.top/","3"
"71yjbbxe4h.wz4ck.cn","https://71yjbbxe4h.wz4ck.cn/1784185387/b3.html?channelcode=lj153","https://71yjbbxe4h.wz4ck.cn/1784185387/b3.html?channelcode=lj153","3"
"712dla250.i8pl2c.top","https://712dla250.i8pl2c.top/","https://712dla250.i8pl2c.top/","5"
"716hu110.pmx25.unlgqb.com","https://716hu110.pmx25.unlgqb.com/","https://716hu110.pmx25.unlgqb.com/","3"
"718c24.mvw99.com","https://718c24.mvw99.com/","https://718c24.mvw99.com/","3"
"721hu142.b4jxq.top","https://721hu142.b4jxq.top/","https://721hu142.b4jxq.top/","3"
"710ls272.botzl.cn","https://710ls272.botzl.cn/","https://710ls272.botzl.cn/","3"
"711cpc94.9nxd2.com","https://711cpc94.9nxd2.com/","https://711cpc94.9nxd2.com/","6"
"712ht036.d02bz.xyz","https://712ht036.d02bz.xyz/","https://712ht036.d02bz.xyz/","8"
"714cpk04.9tc241.com","https://714cpk04.9tc241.com/moc/by/index.html","https://714cpk04.9tc241.com/moc/by/index.html","3"
"716bs287.2zznd.top","https://716bs287.2zznd.top/","https://716bs287.2zznd.top/","3"
"716dx17.lgnag3dh.top","https://716dx17.lgnag3dh.top/","https://716dx17.lgnag3dh.top/","4"
"718bf162.6gnte.top","https://718bf162.6gnte.top/","https://718bf162.6gnte.top/","3"
"718c190.0p31g.com","https://718c190.0p31g.com/","https://718c190.0p31g.com/","3"
"719cpb02.gtr3i.com","https://719cpb02.gtr3i.com/","https://719cpb02.gtr3i.com/","8"
"719xscw2.zyp68.tfgskl.cn","https://719xscw2.zyp68.tfgskl.cn/","http://719xscw2.zyp68.tfgskl.cn/","3"
"711cpc132.ggg4f.com","https://711cpc132.ggg4f.com/","https://711cpc132.ggg4f.com/","4"
"711cpc53.y7uru.com","https://711cpc53.y7uru.com/","https://711cpc53.y7uru.com/","3"
"711cpc62.ers5c.com","https://711cpc62.ers5c.com/","https://711cpc62.ers5c.com/","5"
"711fc213.io1e5.top","https://711fc213.io1e5.top/","https://711fc213.io1e5.top/","6"
"711yhp216.fhndaw.com","https://711yhp216.fhndaw.com/moc/by/index.html","https://711yhp216.fhndaw.com/moc/by/index.html","4"
"718sl183.ist99.com","https://718sl183.ist99.com/","https://718sl183.ist99.com/","3"
"711dt34.y3tx5x.top","https://711dt34.y3tx5x.top/","https://711dt34.y3tx5x.top/","7"
"711fc018.ifxlv.top","https://711fc018.ifxlv.top/","https://711fc018.ifxlv.top/","3"
"713bh185.yzy2y.com","https://713bh185.yzy2y.com/","https://713bh185.yzy2y.com/","3"
"714b159.owu1n.com","https://714b159.owu1n.com/","https://714b159.owu1n.com/","3"
"714cpk20.wd4ii.com","https://714cpk20.wd4ii.com/","https://714cpk20.wd4ii.com/","8"
"714fc059.k6uon.top","https://714fc059.k6uon.top/","https://714fc059.k6uon.top/","12"
"716cpc08.jgbzi.com","https://716cpc08.jgbzi.com/","https://716cpc08.jgbzi.com/","3"
"717e7a.pearlrun.vip","https://717e7a.pearlrun.vip/?_c=zucytpp8","https://717e7a.pearlrun.vip/?_c=aqoaobnv","10"
"718dt71.ebg19.cxjzmj.com","https://718dt71.ebg19.cxjzmj.com/","https://718dt71.ebg19.cxjzmj.com/","4"
"710cpc08.2ah27.com","https://710cpc08.2ah27.com/","https://710cpc08.2ah27.com/","10"
"713bf552.g60yi.top","https://713bf552.g60yi.top/","https://713bf552.g60yi.top/","3"
"714cpc06.4jsero.com","https://714cpc06.4jsero.com/moc/by/index.html","https://714cpc06.4jsero.com/moc/by/index.html","5"
"715ls039.fkgdfw.cn","https://715ls039.fkgdfw.cn/","https://715ls039.fkgdfw.cn/","4"
"718zok06.apl59.fnpyvc.cn","https://718zok06.apl59.fnpyvc.cn/","https://718zok06.apl59.fnpyvc.cn/","3"
"71du012.7dqnu.com","https://71du012.7dqnu.com/","https://71du012.7dqnu.com/","3"
"721bh150.ke6qv.com","https://721bh150.ke6qv.com/","https://721bh150.ke6qv.com/","3"
"711cpc40.etw2i.com","https://711cpc40.etw2i.com/","https://711cpc40.etw2i.com/","3"
"712b080.zonlg4.com","https://712b080.zonlg4.com:5001/qx2elq/index.html","https://712b080.zonlg4.com:5001/qx2elq/index.html","3"
"713zx003.ievm6.com","https://713zx003.ievm6.com/","https://713zx003.ievm6.com/","3"
"716zok13.zjl77.unlgqb.com","https://716zok13.zjl77.unlgqb.com/","https://716zok13.zjl77.unlgqb.com/","6"
"712bs578.xrnoy.top","https://712bs578.xrnoy.top/","https://712bs578.xrnoy.top/","3"
"712c134.2y0vn.com","https://712c134.2y0vn.com/","https://712c134.2y0vn.com/","3"
"713c31.6bsi0.com","https://713c31.6bsi0.com/","https://713c31.6bsi0.com/","3"
"714cpk21.6p3n0.com","https://714cpk21.6p3n0.com/","https://714cpk21.6p3n0.com/","6"
"719bf555.wss8t.top","https://719bf555.wss8t.top/","https://719bf555.wss8t.top/","3"
"710yhp180.rse1g6.com","https://710yhp180.rse1g6.com/moc/by/index.html","https://710yhp180.rse1g6.com/moc/by/index.html","3"
"711cpb15.nbnii.com","https://711cpb15.nbnii.com/","https://711cpb15.nbnii.com/","6"
"712b205.c8aha.com","https://712b205.c8aha.com/","https://712b205.c8aha.com/","4"
"712cpb01.n3tbr.com","https://712cpb01.n3tbr.com/","https://712cpb01.n3tbr.com/","4"
"713qt116.trdvh.top","https://713qt116.trdvh.top/","https://713qt116.trdvh.top/","3"
"718bs349.uizly.top","https://718bs349.uizly.top/","https://718bs349.uizly.top/","4"
"710df59.z8mg4g.top","https://710df59.z8mg4g.top/","https://710df59.z8mg4g.top/","3"
"712dla172.f1af5q.top","https://712dla172.f1af5q.top/","https://712dla172.f1af5q.top/","3"
"712qt018.ldm2p.top","https://712qt018.ldm2p.top/","https://712qt018.ldm2p.top/","3"
"713b111.yr6qs.com","https://713b111.yr6qs.com/","https://713b111.yr6qs.com/","3"
"713dla148.x4xv1z.top","https://713dla148.x4xv1z.top/","https://713dla148.x4xv1z.top/","4"
"713dt78.g5hs9r.top","https://713dt78.g5hs9r.top/","https://713dt78.g5hs9r.top/","3"
"716cpc06.g5jll.com","https://716cpc06.g5jll.com/","https://716cpc06.g5jll.com/","4"
"718bf581.m0tmn.top","https://718bf581.m0tmn.top/","https://718bf581.m0tmn.top/","3"
"711cpk26.ldp244.com","https://711cpk26.ldp244.com/moc/by/index.html?channelcode=711cpk26","https://711cpk26.ldp244.com/moc/by/index.html?channelcode=711cpk26","3"
"711cpk31.l43m25.com","https://711cpk31.l43m25.com/moc/by/index.html?channelcode=711cpk31","https://711cpk31.l43m25.com/moc/by/index.html?channelcode=711cpk31","3"
"714bh108.p4slx.com","https://714bh108.p4slx.com/","https://714bh108.p4slx.com/","3"
"714bh933.u2d8e.com","https://714bh933.u2d8e.com/","https://714bh933.u2d8e.com/","4"
"714dt68.o1cw4r.top","https://714dt68.o1cw4r.top/","https://714dt68.o1cw4r.top/","3"
"716ls089.piwqh.cn","https://716ls089.piwqh.cn/","https://716ls089.piwqh.cn/","4"
"711cpk21.0x8ls.com","https://711cpk21.0x8ls.com/yonghui/656/zhuim","https://711cpk21.0x8ls.com/yonghui/656/zhuim","9"
"711yhp6.1bkwez.com","https://711yhp6.1bkwez.com/moc/by/index.html","https://711yhp6.1bkwez.com/moc/by/index.html","3"
"712ls023.qokzs.cn","https://712ls023.qokzs.cn/","https://712ls023.qokzs.cn/","3"
"715bf126.fn7f7.top","https://715bf126.fn7f7.top/","https://715bf126.fn7f7.top/","5"
"718b092.pac6gq.com","https://718b092.pac6gq.com:5001/ping/main.html","https://718b092.pac6gq.com:5001/ping/main.html","3"
"718fc355.v0iik.top","https://718fc355.v0iik.top/","https://718fc355.v0iik.top/","3"
"719cpc06.i1bmh.com","https://719cpc06.i1bmh.com/","https://719cpc06.i1bmh.com/","3"
"711cpk63.egw42r.com","https://711cpk63.egw42r.com/moc/by/index.html?channelcode=711cpk63","https://711cpk63.egw42r.com/moc/by/index.html?channelcode=711cpk63","7"
"714b14.v5imh8l.top","https://714b14.v5imh8l.top/moc/by/index.html","https://714b14.v5imh8l.top/moc/by/index.html","3"
"716dh081.thxhsm.cn","https://716dh081.thxhsm.cn/","https://716dh081.thxhsm.cn/","4"
"711c173.f5ank.com","https://711c173.f5ank.com/","https://711c173.f5ank.com/","3"
"711dla109.u1vv4b.top","https://711dla109.u1vv4b.top/","https://711dla109.u1vv4b.top/","16"
"712cpk09.4gshax.com","https://712cpk09.4gshax.com/moc/by/index.html","https://712cpk09.4gshax.com/moc/by/index.html","3"
"713618c38202e5a25548e65b3f7e26f6.j0a5e6.cc","https://713618c38202e5a25548e65b3f7e26f6.j0a5e6.cc:1433/9489497/n/1783673424594.html#?b=ib0xf7pji4jcliwwb0hml4rwavizm5etozedoyejevymevkna2pga1fdek9sbvnmlzxmaudnaw4sashhavj2lvozcwrhdoxcmweji6isaiwsz1jhd6icaiwsz1jhd6iyziwsz1jhd6iiziwiiiojiljcliiioiqmisuzn6iyyiwiixutmojioiimisiym0cdo2atm4itmiojihjyetv&ts=1783673424&hash=0b18585fe6412","https://713618c38202e5a25548e65b3f7e26f6.j0a5e6.cc:1433/10081328/j/1783673529905.html#?_=ciqf9tnoignisicbtrhaughzp9imzktm5mtm4itm69iz69seqznaovxm4r2lt92yumhbq52dqbjlpxgeo9myv8iozbhd0hglwatmiojipjcllvnc0pjiojcllvnc0pjinjcllvnc0pjimjcliiioiumisiii6icziwcm6iyyiwiiwqzm3iioiimisiim3qjmxetm4itmiojihjyenc&ts=1783673531&hash=4386ee6d219f1","10"
"716bf388.dzvly.top","https://716bf388.dzvly.top/","https://716bf388.dzvly.top/","3"
"721qt056.tdzrl.top","https://721qt056.tdzrl.top/","https://721qt056.tdzrl.top/","3"
"7106-7h5s6ad23a2f3w23a.pf3ao5.top","https://7106-7h5s6ad23a2f3w23a.pf3ao5.top/normal/?cid=9760083","https://7106-7h5s6ad23a2f3w23a.pf3ao5.top/normal/?cid=7229835","3"
"711cpb15.as6sz.com","https://711cpb15.as6sz.com/","https://711cpb15.as6sz.com/","6"
"711cpc01.14c2r.com","https://711cpc01.14c2r.com/","https://711cpc01.14c2r.com/","13"
"712sl001.06ft6.com","https://712sl001.06ft6.com/","https://712sl001.06ft6.com/","6"
"715b340.ne2rm.com","https://715b340.ne2rm.com/","https://715b340.ne2rm.com/","3"
"721cpk17.wd4ii.com","https://721cpk17.wd4ii.com/yonghui/656/zhuim","https://721cpk17.wd4ii.com/yonghui/656/zhuim","3"
"710b3.6zgoq.com","https://710b3.6zgoq.com/","https://710b3.6zgoq.com/","3"
"711b285.kvd55.com","https://711b285.kvd55.com/","https://711b285.kvd55.com/","4"
"711cpb15.qofya.com","https://711cpb15.qofya.com/","https://711cpb15.qofya.com/","7"
"711cpb15.qwdfm.com","https://711cpb15.qwdfm.com/","https://711cpb15.qwdfm.com/","7"
"711cpk26.wd4ii.com","https://711cpk26.wd4ii.com/yonghui/656/zhuim","https://711cpk26.wd4ii.com/yonghui/656/zhuim","4"
"712dx299.fnrnq8sj.top","https://712dx299.fnrnq8sj.top/","https://712dx299.fnrnq8sj.top/","6"
"715bf158.8g7uj.top","https://715bf158.8g7uj.top/","https://715bf158.8g7uj.top/","5"
"718bf066.uubnj.top","https://718bf066.uubnj.top/","https://718bf066.uubnj.top/","5"
"718sf3.4caef.com","https://718sf3.4caef.com/","https://718sf3.4caef.com/","5"
"719b111.fn6lj.com","https://719b111.fn6lj.com/","https://719b111.fn6lj.com/","3"
"710hu107.dkz85.gpzycm.com","https://710hu107.dkz85.gpzycm.com/","https://710hu107.dkz85.gpzycm.com/","4"
"711cpc04.2q6h9.com","https://711cpc04.2q6h9.com/","https://711cpc04.2q6h9.com/","3"
"711cpk77.pk4qwo.com","https://711cpk77.pk4qwo.com/moc/by/index.html?channelcode=711cpk77","https://711cpk77.pk4qwo.com/moc/by/index.html?channelcode=711cpk77","5"
"711yhp262.1btmcu.com","https://711yhp262.1btmcu.com/moc/by/index.html","https://711yhp262.1btmcu.com/moc/by/index.html","5"
"712fc194.qq2l7.top","https://712fc194.qq2l7.top/","https://712fc194.qq2l7.top/","7"
"716zok16.mvh95.unlgqb.com","https://716zok16.mvh95.unlgqb.com/","https://716zok16.mvh95.unlgqb.com/","3"
"721c538.3n1no.com","https://721c538.3n1no.com/","https://721c538.3n1no.com/","3"
"710a294.hzrh1.com","https://710a294.hzrh1.com/","https://710a294.hzrh1.com/","5"
"710bf341.styj7.top","https://710bf341.styj7.top/","https://710bf341.styj7.top/","3"
"710fl643.lix52.fssczg.com","https://710fl643.lix52.fssczg.com/","https://710fl643.lix52.fssczg.com/","5"
"711cpc88.z4j7y.com","https://711cpc88.z4j7y.com/","https://711cpc88.z4j7y.com/","3"
"711yh34.6esi7.com","https://711yh34.6esi7.com/","https://711yh34.6esi7.com/","3"
"712b4.f99ub.com","https://712b4.f99ub.com/","https://712b4.f99ub.com/","3"
"713c166.za93a.com","https://713c166.za93a.com/","https://713c166.za93a.com/","3"
"713cc126.kmp7h.top","https://713cc126.kmp7h.top/","https://713cc126.kmp7h.top/","3"
"713cpa3.av6ix.com","https://713cpa3.av6ix.com/","https://713cpa3.av6ix.com/","3"
"714sl148.afhwq.com","https://714sl148.afhwq.com/","https://714sl148.afhwq.com/","6"
"715pt3.p206i.com","https://715pt3.p206i.com/","https://715pt3.p206i.com/","11"
"718ls174.dtluuxb.cn","https://718ls174.dtluuxb.cn/","https://718ls174.dtluuxb.cn/","3"
"719hua18.y6hwg.top","https://719hua18.y6hwg.top/","https://719hua18.y6hwg.top/","3"
"71du022.dk7vd.com","https://71du022.dk7vd.com/","https://71du022.dk7vd.com/","7"
"721cpk21.0x8ls.com","https://721cpk21.0x8ls.com/yonghui/656/zhuim","https://721cpk21.0x8ls.com/yonghui/656/zhuim","4"
"711cpc17.779a2.com","https://711cpc17.779a2.com/","https://711cpc17.779a2.com/","3"
"713dx173.vgt252ug.top","https://713dx173.vgt252ug.top/","https://713dx173.vgt252ug.top/","3"
"713ls091.hckhwxt.cn","https://713ls091.hckhwxt.cn/","https://713ls091.hckhwxt.cn/","3"
"714dh015.oboktt.cn","https://714dh015.oboktt.cn/","https://714dh015.oboktt.cn/","3"
"715dx224.m6soiz2x.top","https://715dx224.m6soiz2x.top/","https://715dx224.m6soiz2x.top/","4"
"719fc540.m8trn.top","https://719fc540.m8trn.top/","https://719fc540.m8trn.top/","3"
"711cpk23.4gshax.com","https://711cpk23.4gshax.com/moc/by/index.html?channelcode=711cpk23","https://711cpk23.4gshax.com/moc/by/index.html?channelcode=711cpk23","3"
"713sl206.kbeup.com","https://713sl206.kbeup.com/","https://713sl206.kbeup.com/","3"
"714bh111.b8ypa.com","https://714bh111.b8ypa.com/","https://714bh111.b8ypa.com/","3"
"715cpb05.z2nzr.com","https://715cpb05.z2nzr.com/","https://715cpb05.z2nzr.com/","4"
"716bf467.g0mtu.top","https://716bf467.g0mtu.top/","https://716bf467.g0mtu.top/","4"
"716bf333.8e0rb.top","https://716bf333.8e0rb.top/","https://716bf333.8e0rb.top/","3"
"718df41.dor74.jusczz.com","https://718df41.dor74.jusczz.com/","https://718df41.dor74.jusczz.com/","3"
"71d63174296a0b07849c9feaaf4533e0.j0a5e6.cc","https://71d63174296a0b07849c9feaaf4533e0.j0a5e6.cc:1433/9321467/x/1784350669231.html#?_=bx913e6iceiwiis1gdo5cekl2lymtoxkzmxgjmxo3lmp3lijxyu1mdxghzv02bj5yd2nge5pmnuuxbvzncw9yl6mhc0rhasadmxiioikmisuwdyrnoigmisuwdyrnoicmisuwdyrnoiymiswgb15moiumisiynwqji6icziwsn2ojijjclicdmziioiimisiin0gdo2atm4itmiojihjyevd&ts=1784350670&hash=76f62f4fef599","https://71d63174296a0b07849c9feaaf4533e0.j0a5e6.cc:1433/10210736/m/1784350156137.html#?d=ptqf9tnoignisicbtrhaughzp9imzktm5mtm4itm69iz69iyyfmbtzxm4r2lt92yucndjhxeqzjl112b2jhcv8iozbhd0hglwatmiojipjcllvnc0pjiojcllvnc0pjinjcllvnc0pjimjcliiioiumisiii6icziwcm6iyyiwiixaznziioiimisicnxazmxedm4itmiojihjyesv&ts=1784350157&hash=2574111c3950f","13"
"710bf099.8bzoe.top","https://710bf099.8bzoe.top/","https://710bf099.8bzoe.top/","3"
"711c28.f5ank.com","https://711c28.f5ank.com/","https://711c28.f5ank.com/","5"
"711cpc59.loqgw.com","https://711cpc59.loqgw.com/","https://711cpc59.loqgw.com/","4"
"711cpc95.loqgw.com","https://711cpc95.loqgw.com/","https://711cpc95.loqgw.com/","3"
"711dx3.e3v6wvip.top","https://711dx3.e3v6wvip.top/","http://711dx3.e3v6wvip.top/","11"
"712yhp94.x7a4fm.com","https://712yhp94.x7a4fm.com/moc/by/index.html","https://712yhp94.x7a4fm.com/moc/by/index.html","3"
"714ls046.tliqdx.cn","https://714ls046.tliqdx.cn/","https://714ls046.tliqdx.cn/","5"
"715e9e.thornway.vip","https://715e9e.thornway.vip/?_c=yjmg0w9d","https://715e9e.thornway.vip/","7"
"721a1.aw98z.com","https://721a1.aw98z.com/","https://721a1.aw98z.com/","4"
"711bs596.7zb72.top","https://711bs596.7zb72.top/","https://711bs596.7zb72.top/","3"
"711cpb15.geh6f.com","https://711cpb15.geh6f.com/","https://711cpb15.geh6f.com/","13"
"711cpc07.maufr.com","https://711cpc07.maufr.com/","https://711cpc07.maufr.com/","3"
"711sl085.szmwk.com","https://711sl085.szmwk.com/","https://711sl085.szmwk.com/","4"
"714cpk19.wt2f5v.com","https://714cpk19.wt2f5v.com/moc/by/index.html?channelcode=714cpk19","https://714cpk19.wt2f5v.com/moc/by/index.html?channelcode=714cpk19","3"
"714dla65.t2zu3s.top","https://714dla65.t2zu3s.top/","https://714dla65.t2zu3s.top/","3"
"714yh158.6n3cl.com","https://714yh158.6n3cl.com/","https://714yh158.6n3cl.com/","5"
"715fc149.hwghm.top","https://715fc149.hwghm.top/","https://715fc149.hwghm.top/","5"
"721cpc05.779a2.com","https://721cpc05.779a2.com/","https://721cpc05.779a2.com/","3"
"711cpc94.4h1k5.com","https://711cpc94.4h1k5.com/","https://711cpc94.4h1k5.com/","5"
"712fc822.6mdiv.top","https://712fc822.6mdiv.top/","https://712fc822.6mdiv.top/","3"
"715sl041.tdbp6.com","https://715sl041.tdbp6.com/","https://715sl041.tdbp6.com/","4"
"716sf3.b1w5h.com","https://716sf3.b1w5h.com/","https://716sf3.b1w5h.com/","6"
"718fc630.sdnlq.top","https://718fc630.sdnlq.top/","https://718fc630.sdnlq.top/","3"
"712dt75.e1ag5p.top","https://712dt75.e1ag5p.top/","https://712dt75.e1ag5p.top/","3"
"716fc046.nqzyj.top","https://716fc046.nqzyj.top/","https://716fc046.nqzyj.top/","14"
"716fc505.d6t5w.top","https://716fc505.d6t5w.top/","https://716fc505.d6t5w.top/","3"
"711cpc20.sxw9m.com","https://711cpc20.sxw9m.com/","https://711cpc20.sxw9m.com/","5"
"715bh898.7q5ih.com","https://715bh898.7q5ih.com/","https://715bh898.7q5ih.com/","3"
"715bh903.ar6qc.com","https://715bh903.ar6qc.com/","https://715bh903.ar6qc.com/","5"
"716fc647.7b2fw.top","https://716fc647.7b2fw.top/","https://716fc647.7b2fw.top/","6"
"719sh41.v4sbb.com","https://719sh41.v4sbb.com/","https://719sh41.v4sbb.com/","3"
"71e054c68e45132a2534495f9a9ca815.j0a5e6.cc","https://71e054c68e45132a2534495f9a9ca815.j0a5e6.cc:1433/9527352/u/1783748590690.html#?b=kzqf9tnoignisicbtrhaughzp9imzktm5mtm4itm69iz69seqznaovxm4r2lt92yumhbq52dqbjlpxgeo9myv8iozbhd0hglwatmiojipjcllvnc0pjiojcllvnc0pjinjcllvnc0pjimjcliiioiumisiii6icziwcm6iyyiwiizatmrjioiimisiym1gjmxedm4itmiojihjyeak&ts=1783748591&hash=277f70de69461","https://71e054c68e45132a2534495f9a9ca815.j0a5e6.cc:1433/49876/j/1783748448842.html#?_=kmqf9tnoignisicbtrhaughzp9imzktm5mtm4itm69iz69seqznaovxm4r2lt92yumhbq52dqbjlpxgeo9myv8iozbhd0hglwatmiojipjcllvnc0pjiojcllvnc0pjinjcllvnc0pjimjcliiioiumisiii6icziwcm6iyyiwiixqdn3iioiimisiym0mdnycdm4itmiojihjyeno&ts=1783748448&hash=410f07b84f6b5","10"
"711cc462.k5rtk.top","https://711cc462.k5rtk.top/","https://711cc462.k5rtk.top/","5"
"711cpb15.408ku.com","https://711cpb15.408ku.com/","https://711cpb15.408ku.com/","8"
"713hu101.jid81.qqvvx.com","https://713hu101.jid81.qqvvx.com/","https://713hu101.jid81.qqvvx.com/","4"
"711cpa5.9h87d.com","https://711cpa5.9h87d.com/","https://711cpa5.9h87d.com/","3"
"711d29.1scvr.top","https://711d29.1scvr.top/","https://711d29.1scvr.top/","4"
"715fc204.btw0u.top","https://715fc204.btw0u.top/","https://715fc204.btw0u.top/","3"
"716c175.gko35.com","https://716c175.gko35.com/","https://716c175.gko35.com/","5"
"717cpc09.duedp.com","https://717cpc09.duedp.com/","https://717cpc09.duedp.com/","5"
"719cpk11.mpd4e1.com","https://719cpk11.mpd4e1.com/moc/by/index.html","https://719cpk11.mpd4e1.com/moc/by/index.html","3"
"719qt092.v5rrt.top","https://719qt092.v5rrt.top/","https://719qt092.v5rrt.top/","3"
"71du008.7dqnu.com","https://71du008.7dqnu.com/","https://71du008.7dqnu.com/","5"
"710fl040.ayy26.xhcjbq.com","https://710fl040.ayy26.xhcjbq.com/","https://710fl040.ayy26.xhcjbq.com/","3"
"711cpc37.maufr.com","https://711cpc37.maufr.com/","https://711cpc37.maufr.com/","3"
"711cpc88.arv60.com","https://711cpc88.arv60.com/","https://711cpc88.arv60.com/","5"
"712b3.jtcp1.com","https://712b3.jtcp1.com/","https://712b3.jtcp1.com/","6"
"712d169.ojq08.com","https://712d169.ojq08.com/","https://712d169.ojq08.com/","3"
"712sl001.79nmn.com","https://712sl001.79nmn.com/","https://712sl001.79nmn.com/","5"
"714yh49.lo0me.com","https://714yh49.lo0me.com/","https://714yh49.lo0me.com/","4"
"721cpa11.n1byg.com","https://721cpa11.n1byg.com/yonghui/666/han","https://721cpa11.n1byg.com/yonghui/666/han","3"
"710bh899.qmm34.com","https://710bh899.qmm34.com/","https://710bh899.qmm34.com/","4"
"713sl001.paxrs.com","https://713sl001.paxrs.com/","https://713sl001.paxrs.com/","4"
"718cc118.xp25e.top","https://718cc118.xp25e.top/","https://718cc118.xp25e.top/","3"
"718yh144.oxq3k.com","https://718yh144.oxq3k.com/","https://718yh144.oxq3k.com/","3"
"711cpa10.9h87d.com","https://711cpa10.9h87d.com/","https://711cpa10.9h87d.com/","4"
"711cpk16.txlg65.com","https://711cpk16.txlg65.com/moc/by/index.html","https://711cpk16.txlg65.com/moc/by/index.html","4"
"712xssp36.g5ib7r.top","https://712xssp36.g5ib7r.top/","https://712xssp36.g5ib7r.top/","3"
"715cpb01.17xep.com","https://715cpb01.17xep.com/","https://715cpb01.17xep.com/","3"
"718fz6.wreeshh.com","https://718fz6.wreeshh.com/anwang/index.html?channelcode=718fz6","https://718fz6.wreeshh.com/anwang/index.html?channelcode=718fz6","3"
"710bs417.67foq.top","https://710bs417.67foq.top/","https://710bs417.67foq.top/","3"
"710cc403.qug50.top","https://710cc403.qug50.top/","https://710cc403.qug50.top/","3"
"711ls148.nfaor.cn","https://711ls148.nfaor.cn/","https://711ls148.nfaor.cn/","3"
"717cpc10.779a2.com","https://717cpc10.779a2.com/","https://717cpc10.779a2.com/","4"
"718dla246.cwuuo.wlsmlt.com","https://718dla246.cwuuo.wlsmlt.com/","https://718dla246.cwuuo.wlsmlt.com/","3"
"710f37f74ab1a864e2c64eb1d7fda2a2.j0a5e6.cc","https://710f37f74ab1a864e2c64eb1d7fda2a2.j0a5e6.cc:1433/776145/d/1783739141868.html#?b=ub913e6iceiwiis1gdo5cekl2lymtoxkzmxgjmxo3lmp3l5pmdqhwdxghzv02bj5ycspmb3pgmukgb4h2bi9yl6mhc0rhasadmxiioikmisuwdyrnoigmisuwdyrnoicmisuwdyrnoiymisiii6isziwiiiojikjclwojijjcliedm1iioiimisiynzkdo2atm4itmiojihjyeby&ts=1783739142&hash=ed548c625aaf4","https://710f37f74ab1a864e2c64eb1d7fda2a2.j0a5e6.cc:1433/1522688/o/1783739500180.html#?b=nf913e6iceiwiis1gdo5cekl2lymtoxkzmxgjmxo3lmp3l5pmdqhwdxghzv02bj5ycspmb3pgmukgb4h2bi9yl6mhc0rhasadmxiioikmisuwdyrnoigmisuwdyrnoicmisuwdyrnoiymisiii6isziwiiiojikjclwojijjcliqjnyiioiimisicmxcdo2atm4itmiojihjyeqo&ts=1783739500&hash=06a7709093119","9"
"711cpb15.i628x.com","https://711cpb15.i628x.com/","https://711cpb15.i628x.com/","4"
"713cpc08.30aml.com","https://713cpc08.30aml.com/","https://713cpc08.30aml.com/","5"
"713d21.2oedb.top","https://713d21.2oedb.top/","https://713d21.2oedb.top/","6"
"714yh161.uimyv.com","https://714yh161.uimyv.com/","https://714yh161.uimyv.com/","3"
"716cpa2.7q25t.com","https://716cpa2.7q25t.com/","https://716cpa2.7q25t.com/","4"
"719cpa1.rlmoq.com","https://719cpa1.rlmoq.com/","https://719cpa1.rlmoq.com/","3"
"719sl024.buv1l.com","https://719sl024.buv1l.com/","https://719sl024.buv1l.com/","4"
"719sl094.buv1l.com","https://719sl094.buv1l.com/","https://719sl094.buv1l.com/","3"
"714bs007.bsmq3.top","https://714bs007.bsmq3.top/","https://714bs007.bsmq3.top/","3"
"718ls206.hczhnxh.cn","https://718ls206.hczhnxh.cn/","https://718ls206.hczhnxh.cn/","3"
"719dong11.91ih4.top","https://719dong11.91ih4.top/","http://719dong11.91ih4.top/","3"
"714dx150.opo5wa0g.top","https://714dx150.opo5wa0g.top/","https://714dx150.opo5wa0g.top/","3"
"715sl082.rdtho.com","https://715sl082.rdtho.com/","https://715sl082.rdtho.com/","3"
"718bf557.pgjoz.top","https://718bf557.pgjoz.top/","http://718bf557.pgjoz.top/","4"
"721ht121.x7ex5.top","https://721ht121.x7ex5.top/","https://721ht121.x7ex5.top/","5"
"712b287.ykt28.com","https://712b287.ykt28.com/","https://712b287.ykt28.com/","3"
"713sl207.biyhc.com","https://713sl207.biyhc.com/","https://713sl207.biyhc.com/","5"
"714cpk20.p8vd4.com","https://714cpk20.p8vd4.com/","https://714cpk20.p8vd4.com/","4"
"715bf536.hh6dt.top","https://715bf536.hh6dt.top/","https://715bf536.hh6dt.top/","3"
"715cpa2.rr8kr.com","https://715cpa2.rr8kr.com/","https://715cpa2.rr8kr.com/","3"
"712sl050.ptk2w.com","https://712sl050.ptk2w.com/","https://712sl050.ptk2w.com/","3"
"713bf331.2vq88.top","https://713bf331.2vq88.top/","https://713bf331.2vq88.top/","3"
"714cpk24.wt2f5v.com","https://714cpk24.wt2f5v.com/moc/by/index.html?channelcode=714cpk24","https://714cpk24.wt2f5v.com/moc/by/index.html?channelcode=714cpk24","3"
"718ls296.yfvhv.cn","https://718ls296.yfvhv.cn/","https://718ls296.yfvhv.cn/","6"
"711cpc57.u68qm.com","https://711cpc57.u68qm.com/","https://711cpc57.u68qm.com/","5"
"712dx100.uz0qrjwv.top","https://712dx100.uz0qrjwv.top/","https://712dx100.uz0qrjwv.top/","9"
"712hu135.rvu32.stskai.com","https://712hu135.rvu32.stskai.com/","https://712hu135.rvu32.stskai.com/","3"
"712l190.uyivr.cn","https://712l190.uyivr.cn/","https://712l190.uyivr.cn/","4"
"718bf069.tf6o8.top","https://718bf069.tf6o8.top/","https://718bf069.tf6o8.top/","4"
"718xiao02.tds16.bxgsnj.com","https://718xiao02.tds16.bxgsnj.com/","https://718xiao02.tds16.bxgsnj.com/","3"
"719b099.sjkh0f.com","https://719b099.sjkh0f.com:5001/ping/main.html","https://719b099.sjkh0f.com:5001/ping/main.html","3"
"710fl199.qpd83.xhcjbq.com","https://710fl199.qpd83.xhcjbq.com/","https://710fl199.qpd83.xhcjbq.com/","4"
"711bw101.mga11.fqstyj.com","https://711bw101.mga11.fqstyj.com/","https://711bw101.mga11.fqstyj.com/","3"
"712c494.9zq18.com","https://712c494.9zq18.com/","https://712c494.9zq18.com/","3"
"714cpk19.0x8ls.com","https://714cpk19.0x8ls.com/","https://714cpk19.0x8ls.com/","6"
"714cpk22.jrqkwf.com","https://714cpk22.jrqkwf.com/moc/by/index.html","https://714cpk22.jrqkwf.com/moc/by/index.html","7"
"718bf591.d5ux5.top","https://718bf591.d5ux5.top/","https://718bf591.d5ux5.top/","3"
"721bs024.1blf1.top","https://721bs024.1blf1.top/","https://721bs024.1blf1.top/","3"
"721cpc07.ers5c.com","https://721cpc07.ers5c.com/","https://721cpc07.ers5c.com/","4"
"713cpa01.hta67g.com","https://713cpa01.hta67g.com/news/index.html","https://713cpa01.hta67g.com/news/index.html","14"
"71du008.e2oyw.com","https://71du008.e2oyw.com/","https://71du008.e2oyw.com/","3"
"721b11.ah4cm.com","https://721b11.ah4cm.com/","https://721b11.ah4cm.com/","3"
"721yh366.0x8ls.com","https://721yh366.0x8ls.com/","https://721yh366.0x8ls.com/","8"
"711cpa6.hahh6.com","https://711cpa6.hahh6.com/","https://711cpa6.hahh6.com/","11"
"716c107.p1euq.com","https://716c107.p1euq.com/","https://716c107.p1euq.com/","3"
"719cpa8.ea4ym.com","https://719cpa8.ea4ym.com/","https://719cpa8.ea4ym.com/","3"
"711cpb01.t70qz.com","https://711cpb01.t70qz.com/","https://711cpb01.t70qz.com/","4"
"711cpc02.z4j7y.com","https://711cpc02.z4j7y.com/","https://711cpc02.z4j7y.com/","4"
"718bf292.5rgvo.top","https://718bf292.5rgvo.top/","http://718bf292.5rgvo.top/","3"
"719c88.9wl6g.com","https://719c88.9wl6g.com/","https://719c88.9wl6g.com/","3"
"711a270.ko6qn.com","https://711a270.ko6qn.com/","https://711a270.ko6qn.com/","3"
"711b081.q2dlg8.com","https://711b081.q2dlg8.com:5001/qx2elq/index.html","https://711b081.q2dlg8.com:5001/qx2elq/index.html","5"
"711dla86.j8ac9l.top","https://711dla86.j8ac9l.top/","https://711dla86.j8ac9l.top/","6"
"713bf440.s0nn3.top","https://713bf440.s0nn3.top/","https://713bf440.s0nn3.top/","3"
"714cpk22.2ics0v.com","https://714cpk22.2ics0v.com/moc/by/index.html?channelcode=714cpk22","https://714cpk22.2ics0v.com/moc/by/index.html?channelcode=714cpk22","3"
"716bs314.86dxn.top","https://716bs314.86dxn.top/","https://716bs314.86dxn.top/","3"
"716fl457.lkw21.otatsc.com","https://716fl457.lkw21.otatsc.com/","https://716fl457.lkw21.otatsc.com/","4"
"711cpc94.3akbx.com","https://711cpc94.3akbx.com/","https://711cpc94.3akbx.com/","5"
"711yhp47.6qgeuj.com","https://711yhp47.6qgeuj.com/moc/by/index.html","https://711yhp47.6qgeuj.com/moc/by/index.html","3"
"713yh61.y1ess.com","https://713yh61.y1ess.com/","https://713yh61.y1ess.com/","10"
"716dla63.r6if2v.top","https://716dla63.r6if2v.top/","https://716dla63.r6if2v.top/","4"
"719fl285.liq51.uhmzpm.cn","https://719fl285.liq51.uhmzpm.cn/","https://719fl285.liq51.uhmzpm.cn/","3"
"721ls153.ufeesi.cn","https://721ls153.ufeesi.cn/","https://721ls153.ufeesi.cn/","6"
"712fc047.rftti.top","https://712fc047.rftti.top/","https://712fc047.rftti.top/","11"
"713bs379.6mht3.top","https://713bs379.6mht3.top/","https://713bs379.6mht3.top/","3"
"713cpa01.xjdpv4.com","https://713cpa01.xjdpv4.com/news/index.html","https://713cpa01.xjdpv4.com/news/index.html","5"
"713dt5.o7jt2y.top","https://713dt5.o7jt2y.top/","https://713dt5.o7jt2y.top/","3"
"710c387.3gxzr.com","https://710c387.3gxzr.com/","https://710c387.3gxzr.com/","4"
"712zok18.jdlvy.com","https://712zok18.jdlvy.com/","https://712zok18.jdlvy.com/","4"
"713bs371.reevl.top","https://713bs371.reevl.top/","https://713bs371.reevl.top/","3"
"714yhp22.mqt03u.com","https://714yhp22.mqt03u.com/moc/by/index.html","https://714yhp22.mqt03u.com/moc/by/index.html","3"
"716dx195.b9fx79yi.top","https://716dx195.b9fx79yi.top/","https://716dx195.b9fx79yi.top/","4"
"718bf046.0pemu.top","https://718bf046.0pemu.top/","https://718bf046.0pemu.top/","4"
"713jima10.chlni.com","https://713jima10.chlni.com/","https://713jima10.chlni.com/","5"
"715yhp33.xfgw8z.com","https://715yhp33.xfgw8z.com/moc/by/index.html","https://715yhp33.xfgw8z.com/moc/by/index.html","3"
"719bf469.52y62.top","https://719bf469.52y62.top/","https://719bf469.52y62.top/","5"
"721sl243.lj38t.com","https://721sl243.lj38t.com/","https://721sl243.lj38t.com/","3"
"710yh458.6j75s.com","https://710yh458.6j75s.com/","https://710yh458.6j75s.com/","3"
"711cpb15.gzz9n.com","https://711cpb15.gzz9n.com/","https://711cpb15.gzz9n.com/","11"
"713bf014.oxgnu.top","https://713bf014.oxgnu.top/","https://713bf014.oxgnu.top/","3"
"713cpk03.wz918m.com","https://713cpk03.wz918m.com/moc/by/index.html","https://713cpk03.wz918m.com/moc/by/index.html","4"
"716bg107.sy6q6.top","https://716bg107.sy6q6.top/","https://716bg107.sy6q6.top/","4"
"718bg050.kknzm.top","https://718bg050.kknzm.top/","https://718bg050.kknzm.top/","3"
"711cpc35.vjwzy.com","https://711cpc35.vjwzy.com/","https://711cpc35.vjwzy.com/","4"
"7128706.top","https://7128706.top/my/445.html?channelcode=71262","https://7128706.top/my/445.html?channelcode=71262","3"
"715bs157.xzhdg.top","https://715bs157.xzhdg.top/","https://715bs157.xzhdg.top/","3"
"719bs358.x5gi0.top","https://719bs358.x5gi0.top/","http://719bs358.x5gi0.top/","4"
"711cpb16.3f4x4.com","https://711cpb16.3f4x4.com/","https://711cpb16.3f4x4.com/","7"
"711cpc01.2q6h9.com","https://711cpc01.2q6h9.com/","https://711cpc01.2q6h9.com/","8"
"711cpc01.jgbzi.com","https://711cpc01.jgbzi.com/","https://711cpc01.jgbzi.com/","14"
"711fc697.tgjw0.top","https://711fc697.tgjw0.top/","https://711fc697.tgjw0.top/","4"
"712bf118.rjrqt.top","https://712bf118.rjrqt.top/","https://712bf118.rjrqt.top/","3"
"713bf213.pb0wx.top","https://713bf213.pb0wx.top/","https://713bf213.pb0wx.top/","4"
"714002.xn--jlqw4t0uf9tbp99f.cn","https://714002.xn--jlqw4t0uf9tbp99f.cn/ssszz_jd","https://714002.xn--jlqw4t0uf9tbp99f.cn/ssszz_jd","26"
"715dla67.e6so6c.top","https://715dla67.e6so6c.top/","https://715dla67.e6so6c.top/","3"
"715xssp10.n4nr4c.top","https://715xssp10.n4nr4c.top/","https://715xssp10.n4nr4c.top/","4"
"716cpk14.ldp244.com","https://716cpk14.ldp244.com/moc/by/index.html?channelcode=716cpk14","https://716cpk14.ldp244.com/moc/by/index.html?channelcode=716cpk14","5"
"721cpk19.n1byg.com","https://721cpk19.n1byg.com/yonghui/656/zhuim","https://721cpk19.n1byg.com/yonghui/656/zhuim","4"
"712bh523.bd1h9.com","https://712bh523.bd1h9.com/","https://712bh523.bd1h9.com/","4"
"715b286.kucvg.com","https://715b286.kucvg.com/","https://715b286.kucvg.com/","6"
"710bf109.0b6p7.top","https://710bf109.0b6p7.top/","https://710bf109.0b6p7.top/","3"
"712bh177.vfv45.com","https://712bh177.vfv45.com/","https://712bh177.vfv45.com/","4"
"714cpk20.2ics0v.com","https://714cpk20.2ics0v.com/moc/by/index.html?channelcode=714cpk20","https://714cpk20.2ics0v.com/moc/by/index.html?channelcode=714cpk20","4"
"715dh042.fkgdfw.cn","https://715dh042.fkgdfw.cn/","https://715dh042.fkgdfw.cn/","4"
"716cpb06.xmidw.com","https://716cpb06.xmidw.com/","https://716cpb06.xmidw.com/","4"
"718c88.7b4kq.com","https://718c88.7b4kq.com/","https://718c88.7b4kq.com/","4"
"719fc515.731ib.top","https://719fc515.731ib.top/","https://719fc515.731ib.top/","6"
"721yh256.0x8ls.com","https://721yh256.0x8ls.com/","https://721yh256.0x8ls.com/","3"
"711bs451.53ld3.top","https://711bs451.53ld3.top/","https://711bs451.53ld3.top/","4"
"711cpc46.nyq75.com","https://711cpc46.nyq75.com/","https://711cpc46.nyq75.com/","5"
"711cpc94.ia2hm.com","https://711cpc94.ia2hm.com/","https://711cpc94.ia2hm.com/","5"
"712c41.h75wu.com","https://712c41.h75wu.com/","https://712c41.h75wu.com/","4"
"715yhp105.xvi4er.com","https://715yhp105.xvi4er.com/moc/by/index.html","https://715yhp105.xvi4er.com/moc/by/index.html","8"
"716bf118.12gle.top","https://716bf118.12gle.top/","https://716bf118.12gle.top/","4"
"711cpb01.vci3l.com","https://711cpb01.vci3l.com/","https://711cpb01.vci3l.com/","6"
"711yh54.6esi7.com","https://711yh54.6esi7.com/","https://711yh54.6esi7.com/","3"
"712fc874.2iomf.top","https://712fc874.2iomf.top/","https://712fc874.2iomf.top/","3"
"715fc075.5xt7f.top","https://715fc075.5xt7f.top/","https://715fc075.5xt7f.top/","3"
"71du022.ydgl1.com","https://71du022.ydgl1.com/","https://71du022.ydgl1.com/","10"
"712c490.mqlts.com","https://712c490.mqlts.com/","https://712c490.mqlts.com/","4"
"712dx127.d6ffgvx6.top","https://712dx127.d6ffgvx6.top/","https://712dx127.d6ffgvx6.top/","3"
"715cc110.25ivn.top","https://715cc110.25ivn.top/","https://715cc110.25ivn.top/","3"
"716bs276.whnnp.top","https://716bs276.whnnp.top/","https://716bs276.whnnp.top/","3"
"716ht090.629284.xyz","https://716ht090.629284.xyz/","https://716ht090.629284.xyz/","3"
"718fc418.m28km.top","https://718fc418.m28km.top/","https://718fc418.m28km.top/","3"
"71r7ob.skqvcc.com","https://71r7ob.skqvcc.com/fy/?channelcode=dx086j","https://71r7ob.skqvcc.com/fy/?channelcode=dx086j","3"
"721fc327.81rvv.top","https://721fc327.81rvv.top/","https://721fc327.81rvv.top/","3"
"710dx224.h64rsguz.top","https://710dx224.h64rsguz.top/","https://710dx224.h64rsguz.top/","3"
"711yh10.xn8l1.com","https://711yh10.xn8l1.com/","https://711yh10.xn8l1.com/","3"
"7128843.top","https://7128843.top/my/445.html?channelcode=71127","https://7128843.top/my/445.html?channelcode=71127","4"
"712dx36.mdedp317.top","https://712dx36.mdedp317.top/","https://712dx36.mdedp317.top/","3"
"712ls018.qokzs.cn","https://712ls018.qokzs.cn/","https://712ls018.qokzs.cn/","3"
"718dt10.htt47.cxjzmj.com","https://718dt10.htt47.cxjzmj.com/","https://718dt10.htt47.cxjzmj.com/","3"
"711cpk71.l43m25.com","https://711cpk71.l43m25.com/moc/by/index.html?channelcode=711cpk71","https://711cpk71.l43m25.com/moc/by/index.html?channelcode=711cpk71","3"
"711yhp43.6qgeuj.com","https://711yhp43.6qgeuj.com/moc/by/index.html","https://711yhp43.6qgeuj.com/moc/by/index.html","8"
"711yhp54.6qgeuj.com","https://711yhp54.6qgeuj.com/moc/by/index.html","https://711yhp54.6qgeuj.com/moc/by/index.html","3"
"713dx34.doscpv0m.top","https://713dx34.doscpv0m.top/","https://713dx34.doscpv0m.top/","3"
"714fc182.obq6r.top","https://714fc182.obq6r.top/","https://714fc182.obq6r.top/","3"
"715fc527.y26t0.top","https://715fc527.y26t0.top/","https://715fc527.y26t0.top/","3"
"716dla220.a2hq5l.top","https://716dla220.a2hq5l.top/","https://716dla220.a2hq5l.top/","3"
"717cpc01.6m7ee.com","https://717cpc01.6m7ee.com/","https://717cpc01.6m7ee.com/","4"
"721cpk20.z3x4k.com","https://721cpk20.z3x4k.com/yonghui/656/zhuim","https://721cpk20.z3x4k.com/yonghui/656/zhuim","5"
"710a208.2di3p.com","https://710a208.2di3p.com/","https://710a208.2di3p.com/","3"
"710sl191.cazhc.com","https://710sl191.cazhc.com/","https://710sl191.cazhc.com/","8"
"711cpc46.p10q7.com","https://711cpc46.p10q7.com/","https://711cpc46.p10q7.com/","3"
"715fc332.ikf05.top","https://715fc332.ikf05.top/","https://715fc332.ikf05.top/","3"
"718cc129.1eg3f.top","https://718cc129.1eg3f.top/","https://718cc129.1eg3f.top/","3"
"710bf334.lespv.top","https://710bf334.lespv.top/","https://710bf334.lespv.top/","4"
"711cpc01.xvheb.com","https://711cpc01.xvheb.com/","https://711cpc01.xvheb.com/","11"
"711fc106.e8rvt.top","https://711fc106.e8rvt.top/","https://711fc106.e8rvt.top/","3"
"712dx59.nctoa1en.top","https://712dx59.nctoa1en.top/","https://712dx59.nctoa1en.top/","3"
"713dx251.m6fdfvz4.top","https://713dx251.m6fdfvz4.top/","https://713dx251.m6fdfvz4.top/","3"
"713jima10.prmkk.qqvvx.com","https://713jima10.prmkk.qqvvx.com/","https://713jima10.prmkk.qqvvx.com/","6"
"719fc040.bbr53.top","https://719fc040.bbr53.top/","https://719fc040.bbr53.top/","7"
"711cpc06.hvqi5.com","https://711cpc06.hvqi5.com/","https://711cpc06.hvqi5.com/","3"
"711cpc125.7s2y7.com","https://711cpc125.7s2y7.com/","https://711cpc125.7s2y7.com/","5"
"715b287.83u70.com","https://715b287.83u70.com/","https://715b287.83u70.com/","3"
"711bg022.pupn8.top","https://711bg022.pupn8.top/","https://711bg022.pupn8.top/","3"
"711cpc36.3s7d6.com","https://711cpc36.3s7d6.com/","https://711cpc36.3s7d6.com/","3"
"711fc124.g6n1z.top","https://711fc124.g6n1z.top/","https://711fc124.g6n1z.top/","3"
"711sl081.jixzm.com","https://711sl081.jixzm.com/","https://711sl081.jixzm.com/","3"
"713bf573.obknv.top","https://713bf573.obknv.top/","https://713bf573.obknv.top/","3"
"714bf250.rh3hj.top","https://714bf250.rh3hj.top/","https://714bf250.rh3hj.top/","4"
"714bs573.xzjiv.top","https://714bs573.xzjiv.top/","https://714bs573.xzjiv.top/","3"
"721cpk15.z3x4k.com","https://721cpk15.z3x4k.com/yonghui/656/zhuim","https://721cpk15.z3x4k.com/yonghui/656/zhuim","5"
"712bf466.2ndle.top","https://712bf466.2ndle.top/","https://712bf466.2ndle.top/","32"
"712cpb05.naekw.com","https://712cpb05.naekw.com/","https://712cpb05.naekw.com/","3"
"713cpa9.yzy2y.com","https://713cpa9.yzy2y.com/","https://713cpa9.yzy2y.com/","3"
"719cc339.5syg2.top","https://719cc339.5syg2.top/","https://719cc339.5syg2.top/","3"
"71du022.68hcn.com","https://71du022.68hcn.com/","https://71du022.68hcn.com/","6"
"71du022.ubniq.com","https://71du022.ubniq.com/","https://71du022.ubniq.com/","13"
"721sl244.jjzd8.com","https://721sl244.jjzd8.com/","https://721sl244.jjzd8.com/","3"
"721yh97.n1byg.com","https://721yh97.n1byg.com/","https://721yh97.n1byg.com/","3"
"710fc055.gjsqf.top","https://710fc055.gjsqf.top/","https://710fc055.gjsqf.top/","5"
"711cpc17.30aml.com","https://711cpc17.30aml.com/","https://711cpc17.30aml.com/","3"
"712cpk18.0lo9fj.com","https://712cpk18.0lo9fj.com/moc/by/index.html?channelcode=712cpk18","https://712cpk18.0lo9fj.com/moc/by/index.html?channelcode=712cpk18","15"
"714bf278.3y6nw.top","https://714bf278.3y6nw.top/","https://714bf278.3y6nw.top/","5"
"719bg018.r2qdt.top","https://719bg018.r2qdt.top/","http://719bg018.r2qdt.top/","4"
"71du009.lrvhk.com","https://71du009.lrvhk.com/","https://71du009.lrvhk.com/","4"
"712yhp171.zd2r3k.com","https://712yhp171.zd2r3k.com/moc/by/index.html","https://712yhp171.zd2r3k.com/moc/by/index.html","3"
"713hu109.mvj52.qqvvx.com","https://713hu109.mvj52.qqvvx.com/","https://713hu109.mvj52.qqvvx.com/","3"
"716fc047.vijlg.top","https://716fc047.vijlg.top/","https://716fc047.vijlg.top/","8"
"718dt66.wby73.cxjzmj.com","https://718dt66.wby73.cxjzmj.com/","https://718dt66.wby73.cxjzmj.com/","3"
"721c12.acj4b.com","https://721c12.acj4b.com/","https://721c12.acj4b.com/","3"
"711bf013.huyjl.top","https://711bf013.huyjl.top/","https://711bf013.huyjl.top/","5"
"711bg041.e8yup.top","https://711bg041.e8yup.top/","https://711bg041.e8yup.top/","3"
"712cpb06.n3tbr.com","https://712cpb06.n3tbr.com/","https://712cpb06.n3tbr.com/","10"
"713d29.459yt.top","https://713d29.459yt.top/","https://713d29.459yt.top/","3"
"714bf192.lowuv.top","https://714bf192.lowuv.top/","https://714bf192.lowuv.top/","6"
"714hu127.sob80.rylvib.com","https://714hu127.sob80.rylvib.com/","https://714hu127.sob80.rylvib.com/","4"
"718cpk05.h3cti0.com","https://718cpk05.h3cti0.com/moc/by/index.html","https://718cpk05.h3cti0.com/moc/by/index.html","3"
"718qt181.divye.top","https://718qt181.divye.top/","https://718qt181.divye.top/","3"
"721d14.omp18.top","https://721d14.omp18.top/","https://721d14.omp18.top/","3"
"711df8.y9pz5l.top","https://711df8.y9pz5l.top/","https://711df8.y9pz5l.top/","3"
"714cpa2.u2d8e.com","https://714cpa2.u2d8e.com/","https://714cpa2.u2d8e.com/","8"
"714ls022.tliqdx.cn","https://714ls022.tliqdx.cn/","https://714ls022.tliqdx.cn/","6"
"715c40.k5ecu.com","https://715c40.k5ecu.com/","https://715c40.k5ecu.com/","4"
"716pt3.apu9q.com","https://716pt3.apu9q.com/","https://716pt3.apu9q.com/","9"
"721cpc05.73k5u.com","https://721cpc05.73k5u.com/","https://721cpc05.73k5u.com/","3"
"710dt46.u6ig8t.top","https://710dt46.u6ig8t.top/","https://710dt46.u6ig8t.top/","3"
"710yhp181.rse1g6.com","https://710yhp181.rse1g6.com/moc/by/index.html","https://710yhp181.rse1g6.com/moc/by/index.html","7"
"711n106.m2ok6.com","https://711n106.m2ok6.com/","https://711n106.m2ok6.com/","5"
"711t54.ehpirb9.top","https://711t54.ehpirb9.top/moc/by/index.html","https://711t54.ehpirb9.top/moc/by/index.html","5"
"715bs355.lwnxy.top","https://715bs355.lwnxy.top/","https://715bs355.lwnxy.top/","3"
"715sf2.ne2rm.com","https://715sf2.ne2rm.com/","https://715sf2.ne2rm.com/","5"
"716ht120.255751.xyz","https://716ht120.255751.xyz/","https://716ht120.255751.xyz/","3"
"717bh909.c4kcm.com","https://717bh909.c4kcm.com/","https://717bh909.c4kcm.com/","8"
"710cpa1.p7jj6.com","https://710cpa1.p7jj6.com/","https://710cpa1.p7jj6.com/","4"
"711bg021.5wh0f.top","https://711bg021.5wh0f.top/","https://711bg021.5wh0f.top/","3"
"711cpk53.l43m25.com","https://711cpk53.l43m25.com/moc/by/index.html?channelcode=711cpk53","https://711cpk53.l43m25.com/moc/by/index.html?channelcode=711cpk53","11"
"711yhp78.6qgeuj.com","https://711yhp78.6qgeuj.com/moc/by/index.html","https://711yhp78.6qgeuj.com/moc/by/index.html","6"
"712d19.75ll3.top","https://712d19.75ll3.top/","https://712d19.75ll3.top/","6"
"713bf113.kfotq.top","https://713bf113.kfotq.top/","https://713bf113.kfotq.top/","3"
"714sf1.128ja.com","https://714sf1.128ja.com/","https://714sf1.128ja.com/","8"
"711yhp42.6qgeuj.com","https://711yhp42.6qgeuj.com/moc/by/index.html","https://711yhp42.6qgeuj.com/moc/by/index.html","3"
"715c95.k5ecu.com","https://715c95.k5ecu.com/","https://715c95.k5ecu.com/","4"
"715fc580.ii3bv.top","https://715fc580.ii3bv.top/","https://715fc580.ii3bv.top/","3"
"716bf155.7wij7.top","https://716bf155.7wij7.top/","https://716bf155.7wij7.top/","4"
"711cpk11.txlg65.com","https://711cpk11.txlg65.com/moc/by/index.html","https://711cpk11.txlg65.com/moc/by/index.html","4"
"716cpa2.aq9tc.com","https://716cpa2.aq9tc.com/","https://716cpa2.aq9tc.com/","3"
"718bf338.yhkbu.top","https://718bf338.yhkbu.top/","https://718bf338.yhkbu.top/","3"
"718pt1.mvw99.com","https://718pt1.mvw99.com/","https://718pt1.mvw99.com/","12"
"71d63174296a0b07849c9feaaf4533e0.d1w4f0.cc","https://71d63174296a0b07849c9feaaf4533e0.d1w4f0.cc:1433/8510774/x/1784350144414.html#?b=sd913e6iceiwiis1gdo5cekl2lymtoxkzmxgjmxo3lmp3lijxyu1mdxghzv02bj5yd2nge5pmnuuxbvzncw9yl6mhc0rhasadmxiioikmisuwdyrnoigmisuwdyrnoicmisuwdyrnoiymiswgb15moiumisisnwqji6icziwsn2ojijjcliudmziioiimisicn0gdo2atm4itmiojihjyefi&ts=1784350144&hash=406c6e152007b","https://71d63174296a0b07849c9feaaf4533e0.d1w4f0.cc:1433/2992181/x/1784350447654.html#?d=jn913e6iceiwiis1gdo5cekl2lymtoxkzmxgjmxo3lmp3lijxyu1mdxghzv02bj5yd2nge5pmnuuxbvzncw9yl6mhc0rhasadmxiioikmisuwdyrnoigmisuwdyrnoicmisuwdyrnoiymiswgb15moiumisicnwqji6icziwsn2ojijjcliqdmziioiimisiym0gdo2atm4itmiojihjyeit&r=ahr0chm6ly94exp3lm1hotn0b2dtdm4uym9uzdoxnzg4oc8=&hash=2699a89a5991","5"
"711cpk23.z4olpm.com","https://711cpk23.z4olpm.com/moc/by/index.html?channelcode=711cpk23","https://711cpk23.z4olpm.com/moc/by/index.html?channelcode=711cpk23","5"
"711dx132.k3luytww.top","https://711dx132.k3luytww.top/","https://711dx132.k3luytww.top/","4"
"711kkai02.7ugh3.com","https://711kkai02.7ugh3.com/","https://711kkai02.7ugh3.com/","3"
"713cc229.p3sto.top","https://713cc229.p3sto.top/","https://713cc229.p3sto.top/","5"
"714c546.f8y40.com","https://714c546.f8y40.com/","https://714c546.f8y40.com/","6"
"718yhp2.btovtj.com","https://718yhp2.btovtj.com/moc/by/index.html?channelcode=718yhp2","https://718yhp2.btovtj.com/moc/by/index.html?channelcode=718yhp2","10"
"7131596.xn--jlqw4t0uf9tbp99f.cn","https://7131596.xn--jlqw4t0uf9tbp99f.cn/77vvbs25_jd#/","https://7131596.xn--jlqw4t0uf9tbp99f.cn/77vvbs25_jd#/","10"
"713cpk16.wz918m.com","https://713cpk16.wz918m.com/moc/by/index.html","https://713cpk16.wz918m.com/moc/by/index.html","9"
"718dla184.hzozv.wlsmlt.com","https://718dla184.hzozv.wlsmlt.com/","https://718dla184.hzozv.wlsmlt.com/","3"
"718sl046.fbg07.com","https://718sl046.fbg07.com/","https://718sl046.fbg07.com/","3"
"721bf459.n3yjy.top","https://721bf459.n3yjy.top/","https://721bf459.n3yjy.top/","3"
"711cpc48.etw2i.com","https://711cpc48.etw2i.com/","https://711cpc48.etw2i.com/","3"
"711cpk49.l43m25.com","https://711cpk49.l43m25.com/moc/by/index.html?channelcode=711cpk49","https://711cpk49.l43m25.com/moc/by/index.html?channelcode=711cpk49","5"
"711d29.5chrm.top","https://711d29.5chrm.top/","https://711d29.5chrm.top/","3"
"718a133.zhci1.com","https://718a133.zhci1.com/","https://718a133.zhci1.com/","4"
"718bf359.sns58.top","https://718bf359.sns58.top/","https://718bf359.sns58.top/","4"
"718dla53.eca92.wlsmlt.com","https://718dla53.eca92.wlsmlt.com/","https://718dla53.eca92.wlsmlt.com/","5"
"718dx300.trb.yjuuxb.cn","https://718dx300.trb.yjuuxb.cn/","https://718dx300.trb.yjuuxb.cn/","12"
"710bs418.2byjr.top","https://710bs418.2byjr.top/","https://710bs418.2byjr.top/","3"
"710dx318.gbrjgnt3.top","https://710dx318.gbrjgnt3.top/","https://710dx318.gbrjgnt3.top/","5"
"712bg030.fsout.top","https://712bg030.fsout.top/","https://712bg030.fsout.top/","5"
"712cc328.5mk7w.top","https://712cc328.5mk7w.top/","http://712cc328.5mk7w.top/","4"
"714cc218.edl8y.top","https://714cc218.edl8y.top/","https://714cc218.edl8y.top/","3"
"71du008.ja47k.com","https://71du008.ja47k.com/","https://71du008.ja47k.com/","7"
"711gysp93.h7qr9m.top","https://711gysp93.h7qr9m.top/","https://711gysp93.h7qr9m.top/","4"
"716dx65.w9apxkme.top","https://716dx65.w9apxkme.top/","https://716dx65.w9apxkme.top/","3"
"716yh30.855su.com","https://716yh30.855su.com/","https://716yh30.855su.com/","3"
"719fc041.eudku.top","https://719fc041.eudku.top/","https://719fc041.eudku.top/","3"
"71du022.f1yoa.com","https://71du022.f1yoa.com/","https://71du022.f1yoa.com/","6"
"710ht049.c2az4.xyz","https://710ht049.c2az4.xyz/","https://710ht049.c2az4.xyz/","3"
"711cpc01.swna1.com","https://711cpc01.swna1.com/","https://711cpc01.swna1.com/","6"
"710fc846.ubsh5.top","https://710fc846.ubsh5.top/","https://710fc846.ubsh5.top/","3"
"711cpc68.3zn6k.com","https://711cpc68.3zn6k.com/","https://711cpc68.3zn6k.com/","7"
"711cpc90.l1pfb.com","https://711cpc90.l1pfb.com/","https://711cpc90.l1pfb.com/","4"
"713cpc05.moljj.com","https://713cpc05.moljj.com/","https://713cpc05.moljj.com/","3"
"715dla132.l7pr2g.top","https://715dla132.l7pr2g.top/","https://715dla132.l7pr2g.top/","4"
"711cpa1.yt35a.com","https://711cpa1.yt35a.com/","https://711cpa1.yt35a.com/","4"
"713bf620.edonj.top","https://713bf620.edonj.top/","http://713bf620.edonj.top/","3"
"713qt028.3zb38.top","https://713qt028.3zb38.top/","https://713qt028.3zb38.top/","4"
"713sl209.ge5w6.com","https://713sl209.ge5w6.com/","https://713sl209.ge5w6.com/","6"
"719cpb01.mw64u.com","https://719cpb01.mw64u.com/","https://719cpb01.mw64u.com/","13"
"711bs624.5yih2.top","https://711bs624.5yih2.top/","https://711bs624.5yih2.top/","4"
"719zok05.ajmmh.top","https://719zok05.ajmmh.top/","https://719zok05.ajmmh.top/","5"
"71hshd1.crdyjh.com","https://71hshd1.crdyjh.com/fy/?channelcode=fy020d","https://71hshd1.crdyjh.com/fy/?channelcode=fy020d","13"
"721dt90.qcj69.pnpkaf.cn","https://721dt90.qcj69.pnpkaf.cn/","https://721dt90.qcj69.pnpkaf.cn/","3"
"710b3.6iex7.com","https://710b3.6iex7.com/","https://710b3.6iex7.com/","4"
"710cpa3.3ymsm.com","https://710cpa3.3ymsm.com/","https://710cpa3.3ymsm.com/","9"
"711cpb15.726pd.com","https://711cpb15.726pd.com/","https://711cpb15.726pd.com/","16"
"711cpc47.loqgw.com","https://711cpc47.loqgw.com/","https://711cpc47.loqgw.com/","3"
"712bs476.2q0vf.top","https://712bs476.2q0vf.top/","https://712bs476.2q0vf.top/","4"
"714b029.jzpeny.cn","https://714b029.jzpeny.cn/ping/index.html","https://714b029.jzpeny.cn/ping/index.html","4"
"714yhp235.7jvswe.com","https://714yhp235.7jvswe.com/moc/by/index.html","https://714yhp235.7jvswe.com/moc/by/index.html","3"
"715dx222.hrgq35el.top","https://715dx222.hrgq35el.top/","https://715dx222.hrgq35el.top/","4"
"715fl051.xws47.gpzscx.com","https://715fl051.xws47.gpzscx.com/","https://715fl051.xws47.gpzscx.com/","3"
"719yhq16.lg3af.com","https://719yhq16.lg3af.com/","https://719yhq16.lg3af.com/","3"
"712dx146.jbwvmv4c.top","https://712dx146.jbwvmv4c.top/","https://712dx146.jbwvmv4c.top/","3"
"713cc128.6pnhw.top","https://713cc128.6pnhw.top/","https://713cc128.6pnhw.top/","5"
"71du022.eimg4.com","https://71du022.eimg4.com/","https://71du022.eimg4.com/","7"
"721cpk12.wd4ii.com","https://721cpk12.wd4ii.com/yonghui/656/zhuim","https://721cpk12.wd4ii.com/yonghui/656/zhuim","4"
"710b166.zn9ut.com","https://710b166.zn9ut.com/","https://710b166.zn9ut.com/","3"
"712yhp6.wrdju2.com","https://712yhp6.wrdju2.com/moc/by/index.html","https://712yhp6.wrdju2.com/moc/by/index.html","3"
"714d191.ageaw.com","https://714d191.ageaw.com/","https://714d191.ageaw.com/","3"
"715bs631.g61wq.top","https://715bs631.g61wq.top/","https://715bs631.g61wq.top/","3"
"71du008.8obg5.com","https://71du008.8obg5.com/","https://71du008.8obg5.com/","3"
"711cpa3.uz8g9.com","https://711cpa3.uz8g9.com/","https://711cpa3.uz8g9.com/","11"
"712yhp74.6j1lb4.com","https://712yhp74.6j1lb4.com/moc/by/index.html","https://712yhp74.6j1lb4.com/moc/by/index.html","4"
"711c284.07x3a.com","https://711c284.07x3a.com/","https://711c284.07x3a.com/","4"
"711yhp25.1bkwez.com","https://711yhp25.1bkwez.com/moc/by/index.html","https://711yhp25.1bkwez.com/moc/by/index.html","3"
"712fc892.owm5r.top","http://712fc892.owm5r.top/","http://712fc892.owm5r.top/","3"
"714bs318.mxrlm.top","https://714bs318.mxrlm.top/","https://714bs318.mxrlm.top/","3"
"714cc093.vp206.top","https://714cc093.vp206.top/","https://714cc093.vp206.top/","3"
"714xiao37.chg11.rylvib.com","https://714xiao37.chg11.rylvib.com/","https://714xiao37.chg11.rylvib.com/","3"
"711cpa10.i10o6.com","https://711cpa10.i10o6.com/","https://711cpa10.i10o6.com/","5"
"713cpc15.sxw9m.com","https://713cpc15.sxw9m.com/","https://713cpc15.sxw9m.com/","3"
"716fc041.fld5w.top","https://716fc041.fld5w.top/","https://716fc041.fld5w.top/","3"
"716sl139.1rwr8.com","https://716sl139.1rwr8.com/","https://716sl139.1rwr8.com/","3"
"718c106.8f5fy.com","https://718c106.8f5fy.com/","https://718c106.8f5fy.com/","3"
"718cpa9.lmlq8.com","https://718cpa9.lmlq8.com/","https://718cpa9.lmlq8.com/","3"
"718d6.q8jqx.top","https://718d6.q8jqx.top/","https://718d6.q8jqx.top/","3"
"710bg021.idnk7.top","https://710bg021.idnk7.top/","https://710bg021.idnk7.top/","3"
"711cpb15.naekw.com","https://711cpb15.naekw.com/","https://711cpb15.naekw.com/","4"
"711cpc13.ers5c.com","https://711cpc13.ers5c.com/","https://711cpc13.ers5c.com/","3"
"711cpk21.wt2f5v.com","https://711cpk21.wt2f5v.com/moc/by/index.html?channelcode=711cpk21","https://711cpk21.wt2f5v.com/moc/by/index.html?channelcode=711cpk21","8"
"711cpk26.04lwma.com","https://711cpk26.04lwma.com/moc/by/index.html?channelcode=711cpk26","https://711cpk26.04lwma.com/moc/by/index.html?channelcode=711cpk26","3"
"711qt096.1qz02.top","https://711qt096.1qz02.top/","https://711qt096.1qz02.top/","14"
"714dx135.ehhwxfkg.top","https://714dx135.ehhwxfkg.top/","https://714dx135.ehhwxfkg.top/","3"
"716bf585.6y7jj.top","https://716bf585.6y7jj.top/","https://716bf585.6y7jj.top/","4"
"718bs371.jxqbe.top","https://718bs371.jxqbe.top/","https://718bs371.jxqbe.top/","3"
"711fl492.yaa25.mthxkj.com","https://711fl492.yaa25.mthxkj.com/","https://711fl492.yaa25.mthxkj.com/","4"
"713dh048.hckhwxt.cn","https://713dh048.hckhwxt.cn/","https://713dh048.hckhwxt.cn/","3"
"714cpc03.4jsero.com","https://714cpc03.4jsero.com/moc/by/index.html","https://714cpc03.4jsero.com/moc/by/index.html","3"
"714ls072.tliqdx.cn","https://714ls072.tliqdx.cn/","https://714ls072.tliqdx.cn/","3"
"712cpa2.bd1h9.com","https://712cpa2.bd1h9.com/","https://712cpa2.bd1h9.com/","7"
"712t052.4nxpjmw.top","https://712t052.4nxpjmw.top/moc/by/index.html","https://712t052.4nxpjmw.top/moc/by/index.html","3"
"714sl028.7be5b.com","https://714sl028.7be5b.com/","https://714sl028.7be5b.com/","3"
"716n098.g3h63.com","https://716n098.g3h63.com/","https://716n098.g3h63.com/","3"
"718fc039.myxm8.top","https://718fc039.myxm8.top/","http://718fc039.myxm8.top/","9"
"721dx124.elpqqz.cn","https://721dx124.elpqqz.cn/","http://721dx124.elpqqz.cn/","11"
"711gysp75.r7ti3y.top","https://711gysp75.r7ti3y.top/","https://711gysp75.r7ti3y.top/","4"
"716xiao21.glw76.unlgqb.com","https://716xiao21.glw76.unlgqb.com/","https://716xiao21.glw76.unlgqb.com/","3"
"719dla161.sew47.hcyuzl.cn","https://719dla161.sew47.hcyuzl.cn/","https://719dla161.sew47.hcyuzl.cn/","3"
"71du012.puec6.com","https://71du012.puec6.com/","https://71du012.puec6.com/","5"
"71du022.paxrs.com","https://71du022.paxrs.com/","https://71du022.paxrs.com/","3"
"71fnasficr88.joaiaon.com","https://71fnasficr88.joaiaon.com/y11/?channelcode=ylby04","https://71fnasficr88.joaiaon.com/y03/?channelcode=ylby04","9"
"714yhp152.t6i8ur.com","https://714yhp152.t6i8ur.com/moc/by/index.html","https://714yhp152.t6i8ur.com/moc/by/index.html","4"
"716xiao23.wpb93.unlgqb.com","https://716xiao23.wpb93.unlgqb.com/","https://716xiao23.wpb93.unlgqb.com/","4"
"719yh231.g30y7.com","https://719yh231.g30y7.com/","https://719yh231.g30y7.com/","5"
"711bf049.0jtyr.top","https://711bf049.0jtyr.top/","https://711bf049.0jtyr.top/","4"
"711cpc33.d1xcw.com","https://711cpc33.d1xcw.com/","https://711cpc33.d1xcw.com/","4"
"712d25.lrmpj.com","https://712d25.lrmpj.com/","https://712d25.lrmpj.com/","6"
"712dh027.nroro.cn","https://712dh027.nroro.cn/","https://712dh027.nroro.cn/","4"
"713sl209.paxrs.com","https://713sl209.paxrs.com/","https://713sl209.paxrs.com/","4"
"714hu109.jsg45.rylvib.com","https://714hu109.jsg45.rylvib.com/","https://714hu109.jsg45.rylvib.com/","4"
"715dla15.t5vn4i.top","https://715dla15.t5vn4i.top/","https://715dla15.t5vn4i.top/","4"
"718yhq10.4k164.com","https://718yhq10.4k164.com/","https://718yhq10.4k164.com/","5"
"711bf225.vqyvt.top","https://711bf225.vqyvt.top/","https://711bf225.vqyvt.top/","6"
"713bf072.snv5h.top","https://713bf072.snv5h.top/","https://713bf072.snv5h.top/","4"
"713cc183.sejyo.top","https://713cc183.sejyo.top/","https://713cc183.sejyo.top/","4"
"714cpk21.wfyq7p.com","https://714cpk21.wfyq7p.com/moc/by/index.html?channelcode=714cpk21","https://714cpk21.wfyq7p.com/moc/by/index.html?channelcode=714cpk21","4"
"714fl630.oww72.nuyahy.com","https://714fl630.oww72.nuyahy.com/","https://714fl630.oww72.nuyahy.com/","4"
"719ls095.lpmhzxf.cn","https://719ls095.lpmhzxf.cn/","https://719ls095.lpmhzxf.cn/","6"
"711bg044.y8kuy.top","https://711bg044.y8kuy.top/","https://711bg044.y8kuy.top/","3"
"711cpb06.fpyzf.com","https://711cpb06.fpyzf.com/","https://711cpb06.fpyzf.com/","3"
"711cpb12.0de7z.com","https://711cpb12.0de7z.com/","https://711cpb12.0de7z.com/","3"
"711cpb15.tme5b.com","https://711cpb15.tme5b.com/","https://711cpb15.tme5b.com/","5"
"712d165.lrmpj.com","https://712d165.lrmpj.com/","https://712d165.lrmpj.com/","4"
"712tb71.aogoj.stskai.com","https://712tb71.aogoj.stskai.com/","https://712tb71.aogoj.stskai.com/","3"
"716ht105.527092.xyz","https://716ht105.527092.xyz/","https://716ht105.527092.xyz/","3"
"719fc039.1gtik.top","https://719fc039.1gtik.top/","https://719fc039.1gtik.top/","27"
"721qt156.slfte.top","https://721qt156.slfte.top/","http://721qt156.slfte.top/","3"
"710b3.ehmfa.com","https://710b3.ehmfa.com/","https://710b3.ehmfa.com/","3"
"710d104.10msu.com","https://710d104.10msu.com/","https://710d104.10msu.com/","5"
"711c447.wbacb.com","https://711c447.wbacb.com/","https://711c447.wbacb.com/","4"
"711cpc13.4o4ez.com","https://711cpc13.4o4ez.com/","https://711cpc13.4o4ez.com/","5"
"713c120.30ixz.com","https://713c120.30ixz.com/","https://713c120.30ixz.com/","4"
"713c193.jilj2.com","https://713c193.jilj2.com/","https://713c193.jilj2.com/","4"
"714jima10.xdr92.rylvib.com","https://714jima10.xdr92.rylvib.com/","https://714jima10.xdr92.rylvib.com/","6"
"711cpc95.1aww4.com","https://711cpc95.1aww4.com/","https://711cpc95.1aww4.com/","4"
"713bf135.w7npo.top","https://713bf135.w7npo.top/","https://713bf135.w7npo.top/","3"
"714cpa11.5zcq9.com","https://714cpa11.5zcq9.com/","https://714cpa11.5zcq9.com/","3"
"711cpk77.0lo9fj.com","https://711cpk77.0lo9fj.com/moc/by/index.html?channelcode=711cpk77","https://711cpk77.0lo9fj.com/moc/by/index.html?channelcode=711cpk77","11"
"711yh201.v6yow.com","https://711yh201.v6yow.com/","https://711yh201.v6yow.com/","3"
"715fc544.bilhb.top","https://715fc544.bilhb.top/","https://715fc544.bilhb.top/","3"
"715sl014.nfl2q.com","https://715sl014.nfl2q.com/","https://715sl014.nfl2q.com/","3"
"718bf482.ezdtp.top","https://718bf482.ezdtp.top/","https://718bf482.ezdtp.top/","6"
"71du022.ofx2e.com","https://71du022.ofx2e.com/","https://71du022.ofx2e.com/","18"
"710fc038.ozd86.top","https://710fc038.ozd86.top/","https://710fc038.ozd86.top/","3"
"710ht012.14hgl.xyz","https://710ht012.14hgl.xyz/","https://710ht012.14hgl.xyz/","4"
"711bs197.v8fow.top","https://711bs197.v8fow.top/","https://711bs197.v8fow.top/","4"
"715cpc14.ers5c.com","https://715cpc14.ers5c.com/","https://715cpc14.ers5c.com/","3"
"715cpc14.urqjd.com","https://715cpc14.urqjd.com/","https://715cpc14.urqjd.com/","3"
"715dx187.iap2k5by.top","https://715dx187.iap2k5by.top/","https://715dx187.iap2k5by.top/","5"
"719b109.mpdzj.com","https://719b109.mpdzj.com/","https://719b109.mpdzj.com/","3"
"719yhp98.0rxzp5.com","https://719yhp98.0rxzp5.com/moc/by/index.html","https://719yhp98.0rxzp5.com/moc/by/index.html","6"
"710yh261.xxy4x.com","https://710yh261.xxy4x.com/","https://710yh261.xxy4x.com/","3"
"711yhp215.fhndaw.com","https://711yhp215.fhndaw.com/moc/by/index.html","https://711yhp215.fhndaw.com/moc/by/index.html","4"
"715bh182.o6eto.com","https://715bh182.o6eto.com/","https://715bh182.o6eto.com/","6"
"716yhq12.o3726.com","https://716yhq12.o3726.com/","https://716yhq12.o3726.com/","10"
"710yhp95.85zjgw.com","https://710yhp95.85zjgw.com/moc/by/index.html","https://710yhp95.85zjgw.com/moc/by/index.html","12"
"713c304.z5zkq.com","https://713c304.z5zkq.com/","https://713c304.z5zkq.com/","6"
"710yh313.xbrjj.com","https://710yh313.xbrjj.com/","https://710yh313.xbrjj.com/","4"
"711cpb15.e2uzk.com","https://711cpb15.e2uzk.com/","https://711cpb15.e2uzk.com/","6"
"711cpk22.z3x4k.com","https://711cpk22.z3x4k.com/yonghui/656/zhuim","https://711cpk22.z3x4k.com/yonghui/656/zhuim","5"
"714cpk27.ldp244.com","https://714cpk27.ldp244.com/moc/by/index.html?channelcode=714cpk27","https://714cpk27.ldp244.com/moc/by/index.html?channelcode=714cpk27","4"
"711cpc48.ny61b.com","https://711cpc48.ny61b.com/","https://711cpc48.ny61b.com/","3"
"713bg034.g3dkp.top","https://713bg034.g3dkp.top/","https://713bg034.g3dkp.top/","3"
"715cpc01.4h1k5.com","https://715cpc01.4h1k5.com/","https://715cpc01.4h1k5.com/","11"
"719sf3.m05w0.com","https://719sf3.m05w0.com/","https://719sf3.m05w0.com/","8"
"71du008.4bzse.com","https://71du008.4bzse.com/","https://71du008.4bzse.com/","3"
"714bh15.dm73s.com","https://714bh15.dm73s.com/","https://714bh15.dm73s.com/","3"
"719fc593.xsoww.top","https://719fc593.xsoww.top/","https://719fc593.xsoww.top/","3"
"719fl042.nrt21.uhmzpm.cn","https://719fl042.nrt21.uhmzpm.cn/","https://719fl042.nrt21.uhmzpm.cn/","3"
"71du022.rljn4.com","https://71du022.rljn4.com/","https://71du022.rljn4.com/","30"
"721bf476.3g00e.top","https://721bf476.3g00e.top/","https://721bf476.3g00e.top/","4"
"711cpc94.rcak3.com","https://711cpc94.rcak3.com/","https://711cpc94.rcak3.com/","3"
"711fc547.eyoz7.top","https://711fc547.eyoz7.top/","https://711fc547.eyoz7.top/","14"
"714bf358.uywzl.top","https://714bf358.uywzl.top/","https://714bf358.uywzl.top/","3"
"714qt105.r88vd.top","https://714qt105.r88vd.top/","https://714qt105.r88vd.top/","3"
"716sl120.b0416.com","https://716sl120.b0416.com/","https://716sl120.b0416.com/","4"
"713sl001.awws6.com","https://713sl001.awws6.com/","https://713sl001.awws6.com/","3"
"714sf3.4s2u8.com","https://714sf3.4s2u8.com/","https://714sf3.4s2u8.com/","3"
"715bs244.zfx6y.top","https://715bs244.zfx6y.top/","https://715bs244.zfx6y.top/","3"
"718dt33.kct21.cxjzmj.com","https://718dt33.kct21.cxjzmj.com/","https://718dt33.kct21.cxjzmj.com/","3"
"715a286.rpw0b.com","https://715a286.rpw0b.com/","https://715a286.rpw0b.com/","4"
"716yhp2.ty8ief.com","https://716yhp2.ty8ief.com/moc/by/index.html?channelcode=716yhp2","https://716yhp2.ty8ief.com/moc/by/index.html?channelcode=716yhp2","3"
"71du012.oev96.com","https://71du012.oev96.com/","https://71du012.oev96.com/","4"
"712bs483.dexdu.top","https://712bs483.dexdu.top/","https://712bs483.dexdu.top/","6"
"714dla14.q8ev5f.top","https://714dla14.q8ev5f.top/","https://714dla14.q8ev5f.top/","3"
"715cpc15.7s2y7.com","https://715cpc15.7s2y7.com/","https://715cpc15.7s2y7.com/","5"
"718fc584.3suw5.top","https://718fc584.3suw5.top/","https://718fc584.3suw5.top/","3"
"71du009.3uyq5.com","https://71du009.3uyq5.com/","https://71du009.3uyq5.com/","5"
"721cc303.7zgz3.top","https://721cc303.7zgz3.top/","https://721cc303.7zgz3.top/","5"
"710yhp88.85zjgw.com","https://710yhp88.85zjgw.com/moc/by/index.html","https://710yhp88.85zjgw.com/moc/by/index.html","4"
"711bf094.fnzss.top","https://711bf094.fnzss.top/","https://711bf094.fnzss.top/","4"
"714dx166.cszxh91l.top","https://714dx166.cszxh91l.top/","https://714dx166.cszxh91l.top/","3"
"719yh56.g30y7.com","https://719yh56.g30y7.com/","https://719yh56.g30y7.com/","3"
"719yh9.1exl1.com","https://719yh9.1exl1.com/","https://719yh9.1exl1.com/","3"
"71du004.79nmn.com","https://71du004.79nmn.com/","https://71du004.79nmn.com/","3"
"721ht034.2550z.top","https://721ht034.2550z.top/","https://721ht034.2550z.top/","4"
"721qt044.xnow7.top","https://721qt044.xnow7.top/","http://721qt044.xnow7.top/","4"
"710bg106.wr5r6.top","https://710bg106.wr5r6.top/","https://710bg106.wr5r6.top/","3"
"711bf435.87ebt.top","https://711bf435.87ebt.top/","https://711bf435.87ebt.top/","3"
"711dla247.w2uq4p.top","https://711dla247.w2uq4p.top/","https://711dla247.w2uq4p.top/","5"
"712fl729.stw62.qmkdm.com","https://712fl729.stw62.qmkdm.com/","https://712fl729.stw62.qmkdm.com/","3"
"721a257.t8rfn.com","https://721a257.t8rfn.com/","https://721a257.t8rfn.com/","3"
"721ww72.e4kz7b.top","https://721ww72.e4kz7b.top/","https://721ww72.e4kz7b.top/","3"
"712bf440.jyrmr.top","https://712bf440.jyrmr.top/","https://712bf440.jyrmr.top/","3"
"716a86.jnch7.com","https://716a86.jnch7.com/","https://716a86.jnch7.com/","3"
"71e054c68e45132a2534495f9a9ca815.d1w4f0.cc","https://71e054c68e45132a2534495f9a9ca815.d1w4f0.cc:1433/9787460/x/1783747819018.html#?_=hn913e6iceiwiis1gdo5cekl2lymtoxkzmxgjmxo3lmp3l5pmdqhwdxghzv02bj5ycspmb3pgmukgb4h2bi9yl6mhc0rhasadmxiioikmisuwdyrnoigmisuwdyrnoicmisuwdyrnoiymisiii6isziwiiiojikjclwojijjclietmziioiimisiym1gdo2atm4itmiojihjyefc&hash=e96f572ed6d6f","https://71e054c68e45132a2534495f9a9ca815.d1w4f0.cc:1433/1309851/j/1783748380195.html#?_=qhqf9tnoignisicbtrhaughzp9imzktm5mtm4itm69iz69seqznaovxm4r2lt92yumhbq52dqbjlpxgeo9myv8iozbhd0hglwatmiojipjcllvnc0pjiojcllvnc0pjinjcllvnc0pjimjcliiioiumisiii6icziwcm6iyyiwii5uzm3iioiimisiymyujmxetm4itmiojihjyelv&ts=1783748381&hash=203e2129e6327","19"
"710da3.ywkefsla.vip","https://710da3.ywkefsla.vip/?dc=vvflpatx","https://710da3.ywkefsla.vip/?dc=hzv7vry3","5"
"711ls003.nfaor.cn","https://711ls003.nfaor.cn/","https://711ls003.nfaor.cn/","4"
"712pt03.ujxtx.com","https://712pt03.ujxtx.com/","https://712pt03.ujxtx.com/","8"
"713618c38202e5a25548e65b3f7e26f6.d1w4f0.cc","https://713618c38202e5a25548e65b3f7e26f6.d1w4f0.cc:1433/914892/e/1783673745211.html#?_=qdqf9tnoignisicbtrhaughzp9imzktm5mtm4itm69iz69seqznaovxm4r2lt92yumhbq52dqbjlpxgeo9myv8iozbhd0hglwatmiojipjcllvnc0pjiojcllvnc0pjinjcllvnc0pjimjcliiioiumisiii6icziwcm6iyyiwii1ajm5jioiimisiym3ctmwcdm4itmiojihjyeib&ts=1783673746&hash=24d5243d8ebdc","https://713618c38202e5a25548e65b3f7e26f6.d1w4f0.cc:1433/3181122/j/1783673827818.html#?d=ldqf9tnoignisicbtrhaughzp9imzktm5mtm4itm69iz69seqznaovxm4r2lt92yumhbq52dqbjlpxgeo9myv8iozbhd0hglwatmiojipjcllvnc0pjiojcllvnc0pjinjcllvnc0pjimjcliiioiumisiii6icziwcm6iyyiwiixmdm3iioiimisicnzmzm0etm4itmiojihjyeqw&ts=1783673829&hash=aaddf91e4b501","9"
"718dla250.nesbb.wlsmlt.com","https://718dla250.nesbb.wlsmlt.com/","https://718dla250.nesbb.wlsmlt.com/","7"
"711bf641.72hre.top","https://711bf641.72hre.top/","https://711bf641.72hre.top/","3"
"711dla87.k1gt1h.top","https://711dla87.k1gt1h.top/","https://711dla87.k1gt1h.top/","3"
"714c29.27gc2.com","https://714c29.27gc2.com/","https://714c29.27gc2.com/","3"
"715687.xn--jlqw4t0uf9tbp99f.cn","https://715687.xn--jlqw4t0uf9tbp99f.cn/vwswz_jd","https://715687.xn--jlqw4t0uf9tbp99f.cn/vwswz_jd","36"
"715cpc14.moljj.com","https://715cpc14.moljj.com/","https://715cpc14.moljj.com/","4"
"71du009.awws6.com","https://71du009.awws6.com/","https://71du009.awws6.com/","5"
"721ht079.6xrdx.top","https://721ht079.6xrdx.top/","https://721ht079.6xrdx.top/","3"
"711bf376.ebltv.top","https://711bf376.ebltv.top/","https://711bf376.ebltv.top/","11"
"711yh129.6esi7.com","https://711yh129.6esi7.com/","https://711yh129.6esi7.com/","3"
"712bs079.6pu2i.top","https://712bs079.6pu2i.top/","https://712bs079.6pu2i.top/","3"
"713b076.pa39n2.com","https://713b076.pa39n2.com:5001/qx2elq/index.html","https://713b076.pa39n2.com:5001/qx2elq/index.html","3"
"717cpc13.at4lt.com","https://717cpc13.at4lt.com/","https://717cpc13.at4lt.com/","7"
"718c75.rh7fs.com","https://718c75.rh7fs.com/","https://718c75.rh7fs.com/","5"
"710fc121.3m8or.top","https://710fc121.3m8or.top/","https://710fc121.3m8or.top/","4"
"711cpb20.as6sz.com","https://711cpb20.as6sz.com/","https://711cpb20.as6sz.com/","3"
"711cpc01.at4lt.com","https://711cpc01.at4lt.com/","https://711cpc01.at4lt.com/","10"
"711cpc127.y7uru.com","https://711cpc127.y7uru.com/","https://711cpc127.y7uru.com/","3"
"715c261.rt02v.com","https://715c261.rt02v.com/","https://715c261.rt02v.com/","3"
"719bf185.oyrh3.top","https://719bf185.oyrh3.top/","https://719bf185.oyrh3.top/","3"
"71ff40.aekzrzlbb.com","https://71ff40.aekzrzlbb.com/chan/tk0025/b5gq#/","https://71ff40.aekzrzlbb.com/#/","3"
"721bf406.owmpi.top","https://721bf406.owmpi.top/","https://721bf406.owmpi.top/","4"
"712cpb02.emxua.com","https://712cpb02.emxua.com/","https://712cpb02.emxua.com/","6"
"713hu106.wom95.qqvvx.com","https://713hu106.wom95.qqvvx.com/","https://713hu106.wom95.qqvvx.com/","4"
"713pt3.jilj2.com","https://713pt3.jilj2.com/","https://713pt3.jilj2.com/","9"
"714cpa4.rn6iq.com","https://714cpa4.rn6iq.com/","https://714cpa4.rn6iq.com/","3"
"721dx245.elpqqz.cn","https://721dx245.elpqqz.cn/","https://721dx245.elpqqz.cn/","4"
"710fc644.vdmj5.top","https://710fc644.vdmj5.top/","https://710fc644.vdmj5.top/","5"
"712dx103.gqy6ce1k.top","https://712dx103.gqy6ce1k.top/","https://712dx103.gqy6ce1k.top/","3"
"710yhp223.7s4ci9.com","https://710yhp223.7s4ci9.com/moc/by/index.html","https://710yhp223.7s4ci9.com/moc/by/index.html","6"
"711cpc11.thstg.com","https://711cpc11.thstg.com/","https://711cpc11.thstg.com/","3"
"711cpc115.maufr.com","https://711cpc115.maufr.com/","https://711cpc115.maufr.com/","3"
"714sl026.3nsw0.com","https://714sl026.3nsw0.com/","https://714sl026.3nsw0.com/","4"
"721bf487.kvlfw.top","https://721bf487.kvlfw.top/","https://721bf487.kvlfw.top/","3"
"721cpa3.l662t.com","https://721cpa3.l662t.com/","https://721cpa3.l662t.com/","9"
"721dong18.n5uvh.top","https://721dong18.n5uvh.top/","https://721dong18.n5uvh.top/","3"
"711cpk35.rvk9uy.com","https://711cpk35.rvk9uy.com/moc/by/index.html?channelcode=711cpk35","https://711cpk35.rvk9uy.com/moc/by/index.html?channelcode=711cpk35","4"
"712cpk19.0lo9fj.com","https://712cpk19.0lo9fj.com/moc/by/index.html?channelcode=712cpk19","https://712cpk19.0lo9fj.com/moc/by/index.html?channelcode=712cpk19","19"
"712sf01.k2dav.com","https://712sf01.k2dav.com/","https://712sf01.k2dav.com/","11"
"719sh609.pile2.com","https://719sh609.pile2.com/","https://719sh609.pile2.com/","3"
"712yhp1.wrdju2.com","https://712yhp1.wrdju2.com/moc/by/index.html","https://712yhp1.wrdju2.com/moc/by/index.html","6"
"713c238.e39d3.com","https://713c238.e39d3.com/","https://713c238.e39d3.com/","3"
"713zok18.ktl58.qqvvx.com","https://713zok18.ktl58.qqvvx.com/","https://713zok18.ktl58.qqvvx.com/","3"
"721bf405.rod0s.top","https://721bf405.rod0s.top/","http://721bf405.rod0s.top/","3"
"710dx144.ym46ygmh.top","https://710dx144.ym46ygmh.top/","https://710dx144.ym46ygmh.top/","4"
"711bg040.0ru3u.top","https://711bg040.0ru3u.top/","https://711bg040.0ru3u.top/","3"
"711cpa2.7k82a.com","https://711cpa2.7k82a.com/","https://711cpa2.7k82a.com/","3"
"711cpc89.bx9xl.com","https://711cpc89.bx9xl.com/","https://711cpc89.bx9xl.com/","3"
"719fc536.gkgzv.top","https://719fc536.gkgzv.top/","https://719fc536.gkgzv.top/","3"
"721d136.hkqwt.com","https://721d136.hkqwt.com/","https://721d136.hkqwt.com/","3"
"712fc145.jskyx.top","https://712fc145.jskyx.top/","https://712fc145.jskyx.top/","5"
"715cpc01.loqgw.com","https://715cpc01.loqgw.com/","https://715cpc01.loqgw.com/","9"
"719dt59.bml91.rhvne.cn","https://719dt59.bml91.rhvne.cn/","https://719dt59.bml91.rhvne.cn/","3"
"719ehu.hzjgwx.com","https://719ehu.hzjgwx.com/bl/?channelcode=blb004n","https://719ehu.hzjgwx.com/bl/?channelcode=blb004n","5"
"721yh40.z3x4k.com","https://721yh40.z3x4k.com/","https://721yh40.z3x4k.com/","4"
"711fc045.x1rml.top","https://711fc045.x1rml.top/","https://711fc045.x1rml.top/","20"
"7128289.top","https://7128289.top/my/445.html?channelcode=71210","https://7128289.top/my/445.html?channelcode=71210","8"
"713hu108.xp4y5.com","https://713hu108.xp4y5.com/","https://713hu108.xp4y5.com/","4"
"715bf164.o8jn0.top","https://715bf164.o8jn0.top/","https://715bf164.o8jn0.top/","3"
"721ww24.q1mx4e.top","https://721ww24.q1mx4e.top/","https://721ww24.q1mx4e.top/","4"
"711cpc07.78fvl.com","https://711cpc07.78fvl.com/","https://711cpc07.78fvl.com/","5"
"711cpc46.hvqi5.com","https://711cpc46.hvqi5.com/","https://711cpc46.hvqi5.com/","3"
"711yhp251.1btmcu.com","https://711yhp251.1btmcu.com/moc/by/index.html","https://711yhp251.1btmcu.com/moc/by/index.html","3"
"721yh485.z3x4k.com","https://721yh485.z3x4k.com/","https://721yh485.z3x4k.com/","7"
"712qt045.5e0n3.top","https://712qt045.5e0n3.top/","https://712qt045.5e0n3.top/","3"
"713ls109.hckhwxt.cn","https://713ls109.hckhwxt.cn/","https://713ls109.hckhwxt.cn/","3"
"718sf2.nsnrb.com","https://718sf2.nsnrb.com/","https://718sf2.nsnrb.com/","7"
"719yhq3.g30y7.com","https://719yhq3.g30y7.com/","https://719yhq3.g30y7.com/","6"
"721bs384.jwg3n.top","https://721bs384.jwg3n.top/","https://721bs384.jwg3n.top/","3"
"712dx5.qarnhhdy.top","https://712dx5.qarnhhdy.top/","https://712dx5.qarnhhdy.top/","3"
"712fc698.bneel.top","https://712fc698.bneel.top/","https://712fc698.bneel.top/","5"
"714b077.gzepry.com","https://714b077.gzepry.com:5001/qx2elq/index.html","https://714b077.gzepry.com:5001/qx2elq/index.html","3"
"718jf302.gtx54.bxgsnj.com","https://718jf302.gtx54.bxgsnj.com/","https://718jf302.gtx54.bxgsnj.com/","4"
"711cc213.v37kj.top","https://711cc213.v37kj.top/","https://711cc213.v37kj.top/","3"
"711cpc48.f3n4x.com","https://711cpc48.f3n4x.com/","https://711cpc48.f3n4x.com/","4"
"713qt032.0phys.top","https://713qt032.0phys.top/","https://713qt032.0phys.top/","3"
"715fl485.xcy39.gpzscx.com","https://715fl485.xcy39.gpzscx.com/","https://715fl485.xcy39.gpzscx.com/","3"
"715yh119.9v5j0.com","https://715yh119.9v5j0.com/","https://715yh119.9v5j0.com/","3"
"721cpc08.duedp.com","https://721cpc08.duedp.com/","https://721cpc08.duedp.com/","5"
"721xu012.vnpzm.top","https://721xu012.vnpzm.top/","https://721xu012.vnpzm.top/","3"
"710b245.l5neq.com","https://710b245.l5neq.com/","https://710b245.l5neq.com/","3"
"710bh375.6l5nd.com","https://710bh375.6l5nd.com/","https://710bh375.6l5nd.com/","4"
"715bh170.7q5ih.com","https://715bh170.7q5ih.com/","https://715bh170.7q5ih.com/","3"
"716fc578.oz2ke.top","https://716fc578.oz2ke.top/","https://716fc578.oz2ke.top/","3"
"710f37f74ab1a864e2c64eb1d7fda2a2.d1w4f0.cc","https://710f37f74ab1a864e2c64eb1d7fda2a2.d1w4f0.cc:1433/7801313/j/1783739017767.html#?b=qhqf9tnoignisicbtrhaughzp9imzktm5mtm4itm69iz69seqznaovxm4r2lt92yumhbq52dqbjlpxgeo9myv8iozbhd0hglwatmiojipjcllvnc0pjiojcllvnc0pjinjcllvnc0pjimjcliiioiumisiii6icziwcm6iyyiwii5uzm3iioiimisiymyujmxetm4itmiojihjyelv&ts=1783739017&hash=03171ceb50e69","https://710f37f74ab1a864e2c64eb1d7fda2a2.d1w4f0.cc:1433/2928124/n/1783739144474.html#?_=pj91xmtojiv5mi7pji4jcliwwb0hml4rwavizm5etozedoyejevymevkna2pga1fdek9sbvnmlzxmaudnaw4sashhavj2lvozcwrhdoxcmweji6isaiwcbsvnb6icaiwszzxwympjinjcllvnc0pjimjcliiioiumisiii6icziwcm6iyyiwiixatmojioiimisicmyctmwcdm4itmiojihjyett&ts=1783739145&s=a80897ac639efe2f70b06c5bdbdda118","5"
"711cpc114.78fvl.com","https://711cpc114.78fvl.com/","https://711cpc114.78fvl.com/","4"
"714cpb05.j5lwx.com","https://714cpb05.j5lwx.com/","https://714cpb05.j5lwx.com/","3"
"714dla31.c1zi9i.top","https://714dla31.c1zi9i.top/","https://714dla31.c1zi9i.top/","4"
"715bg028.gmiy6.top","https://715bg028.gmiy6.top/","https://715bg028.gmiy6.top/","7"
"715cpc01.rktf7.com","https://715cpc01.rktf7.com/","https://715cpc01.rktf7.com/","6"
"716bf539.eimz1.top","https://716bf539.eimz1.top/","https://716bf539.eimz1.top/","3"
"718bh914.lmlq8.com","https://718bh914.lmlq8.com/","https://718bh914.lmlq8.com/","4"
"718fl648.vjo46.zklfup.cn","https://718fl648.vjo46.zklfup.cn/","https://718fl648.vjo46.zklfup.cn/","3"
"719n051.gtr3i.com","https://719n051.gtr3i.com/","https://719n051.gtr3i.com/","4"
"710cpk06.dcr5vw.com","https://710cpk06.dcr5vw.com/moc/by/index.html","https://710cpk06.dcr5vw.com/moc/by/index.html","3"
"710fc099.qbo5r.top","https://710fc099.qbo5r.top/","https://710fc099.qbo5r.top/","3"
"711b209.bixfl.com","https://711b209.bixfl.com/","https://711b209.bixfl.com/","3"
"711dx221.fsb42lbq.top","https://711dx221.fsb42lbq.top/","https://711dx221.fsb42lbq.top/","3"
"711yhp64.6qgeuj.com","https://711yhp64.6qgeuj.com/moc/by/index.html","https://711yhp64.6qgeuj.com/moc/by/index.html","6"
"721cpc06.i1bmh.com","https://721cpc06.i1bmh.com/","https://721cpc06.i1bmh.com/","10"
"721xu011.5sg77.top","https://721xu011.5sg77.top/","https://721xu011.5sg77.top/","3"
"711yhp38.1bkwez.com","https://711yhp38.1bkwez.com/moc/by/index.html","https://711yhp38.1bkwez.com/moc/by/index.html","3"