apk_path,package,label,apk_id
/home/ninini/Agents/APK-Research/new_samples/710cpa4.xv7kr.com.apk,uqu.ikvsdnwtnfto.cxveccaubkkjfvlknq,vcJemh,710cpa4.xv7kr.com
/home/ninini/Agents/APK-Research/new_samples/715cpa12.rr8kr.com.apk,ryl.wqqvsnfjurrlcxj.kofdtxcklsvoekiarrtb,STbtkl,715cpa12.rr8kr.com
/home/ninini/Agents/APK-Research/new_samples/719pt2.e67c7.com.apk,uqu.ikvsdnwtnfto.cxveccaubkkjfvlknq,vcJemh,719pt2.e67c7.com
/home/ninini/Agents/APK-Research/new_samples/719sf4.hw4h5.com.apk,strmyjlhp.iyyilusoieiwoacj.ddthedka,aGdtWx,719sf4.hw4h5.com
/home/ninini/Agents/APK-Research/new_samples/718cpa7.qsaw0.com.apk,xxx.rmgwsqswbphyvxh.pgbgtcfjnnqdsvjnapmn,zIGayZ,718cpa7.qsaw0.com
/home/ninini/Agents/APK-Research/new_samples/710cpa6.4okci.com.apk,xxx.rmgwsqswbphyvxh.pgbgtcfjnnqdsvjnapmn,zIGayZ,710cpa6.4okci.com
/home/ninini/Agents/APK-Research/new_samples/715c212.080zk.com.apk,ctq.oiavdigtwvmw.iohdjcarxytxuuowte,XODJzK,715c212.080zk.com
/home/ninini/Agents/APK-Research/new_samples/721sf5.9ursg.top.apk,myrhhvgox.btohijvgmehbuvkb.mqyofhar,kKtMSi,721sf5.9ursg.top
/home/ninini/Agents/APK-Research/new_samples/712pt01.yg8n1.com.apk,gqm.lbbbkwdcqtyq.miagggetfsupidmyoh,zAcptV,712pt01.yg8n1.com
/home/ninini/Agents/APK-Research/new_samples/713cpa8.av6ix.com.apk,txl.hlekurqjnvxlprv.kybaekqlksscfxwodbry,XoiBoX,713cpa8.av6ix.com
/home/ninini/Agents/APK-Research/new_samples/719b243.xdp96.com.apk,ddrgwivdj.wkvtpgrwrmrflahd.jrhweuhc,lplkZk,719b243.xdp96.com
/home/ninini/Agents/APK-Research/new_samples/721d229.tb1cy.com.apk,edg.xrljkhmsatlp.rxsgslbthnhpabujgc,mmddYU,721d229.tb1cy.com
/home/ninini/Agents/APK-Research/new_samples/711cpa9.npk8h.com.apk,kwu.glxoxmtlrbjwwda.yyshljhnyrbsdssvmvfi,eVMVmn,711cpa9.npk8h.com
/home/ninini/Agents/APK-Research/new_samples/710cpa2.zn9ut.com.apk,erhsrtmhg.cjwrgwndcpfvopjm.wnqdqhow,HiaUtw,710cpa2.zn9ut.com
/home/ninini/Agents/APK-Research/new_samples/711cpb05.ujg8s.com.apk,jwf.ifxtfmeupnq.wedxopbsyriisqla,oDPpKQ,711cpb05.ujg8s.com
/home/ninini/Agents/APK-Research/new_samples/721t1.thp6r.top.apk,mwc.xhrhgmdafmpr.begwjfdawxtfvsymdx,UYJfBh,721t1.thp6r.top
/home/ninini/Agents/APK-Research/new_samples/710c209.dwt1v.com.apk,odf.mcxdqblxoywk.mlvougavfoquaqfaui,TFuWsi,710c209.dwt1v.com
/home/ninini/Agents/APK-Research/new_samples/716a75.x1dtb.com.apk,uhmllpwdw.wvmtlaynyrbvkacy.aylckhmx,XsLKIe,716a75.x1dtb.com
/home/ninini/Agents/APK-Research/new_samples/713yh36.y1ess.com.apk,jux.lvsuipidrxcq.etclryetumiktfkuaqft,XmBJTw,713yh36.y1ess.com
/home/ninini/Agents/APK-Research/new_samples/716sf1.62sbk.com.apk,uhmllpwdw.wvmtlaynyrbvkacy.aylckhmx,XsLKIe,716sf1.62sbk.com
/home/ninini/Agents/APK-Research/new_samples/716cpb18.ili97.com.apk,vtw.ncwctecvxyp.yootjibjlwsvgbby,qlxtlJ,716cpb18.ili97.com
/home/ninini/Agents/APK-Research/new_samples/721yh118.6p3n0.com.apk,fxd.bdibpyuelqyq.fvfcpeuhodnchuwekdya,UfcaNy,721yh118.6p3n0.com
/home/ninini/Agents/APK-Research/new_samples/713sf1.nfr39.com.apk,whfmofsut.bmdmnxlbibtghmjm.oaleicyv,FVXEYO,713sf1.nfr39.com
/home/ninini/Agents/APK-Research/new_samples/711yh293.54rzk.com.apk,lxu.ukoeqdchehoy.sgdadjpimihimvjcuuap,hfqDmD,711yh293.54rzk.com
/home/ninini/Agents/APK-Research/new_samples/710yh428.6j75s.com.apk,lxu.ukoeqdchehoy.sgdadjpimihimvjcuuap,hfqDmD,710yh428.6j75s.com
/home/ninini/Agents/APK-Research/new_samples/711cpa4.9rski.com.apk,nia.rlgahflqpwbl.nqewvewcdjhefjtfcn,JglxSP,711cpa4.9rski.com
/home/ninini/Agents/APK-Research/new_samples/716pt5.iwgzd.com.apk,ema.jycwoohfegve.urikkcdpifodmfbjbk,yIpikj,716pt5.iwgzd.com
/home/ninini/Agents/APK-Research/new_samples/710cpa11.ifpwk.com.apk,cse.kbbrmipwrfdxoac.sgrmjdcljiqckeemesdc,uBJtfD,710cpa11.ifpwk.com
/home/ninini/Agents/APK-Research/new_samples/719yh88.lg3af.com.apk,alf.hcyjlwuampfx.nvhhemsufgauknnvmdga,xEgNkl,719yh88.lg3af.com
/home/ninini/Agents/APK-Research/new_samples/712b199.ogxl6.com.apk,qdrilsgvb.fufqfhuwqsqxosvc.hyswcebv,zrrArC,712b199.ogxl6.com
/home/ninini/Agents/APK-Research/new_samples/712c333.rj57f.com.apk,epy.bokhaqbxoegj.hqdiehaelqatkvfsps,BLkVgf,712c333.rj57f.com
/home/ninini/Agents/APK-Research/new_samples/719sl002.yhyk7.com.apk,mcv.fyaojadpfjt.jgkynkdfdbebssq,GbKUOn,719sl002.yhyk7.com
/home/ninini/Agents/APK-Research/new_samples/710sl070.udhqv.com.apk,mcv.fyaojadpfjt.jgkynkdfdbebssq,GbKUOn,710sl070.udhqv.com
/home/ninini/Agents/APK-Research/new_samples/714yh200.k97t9.com.apk,wum.mkutqpnmapqf.qwmcyiplbneebyvhssmm,mjmqjI,714yh200.k97t9.com
/home/ninini/Agents/APK-Research/new_samples/715yh144.9v5j0.com.apk,wum.mkutqpnmapqf.qwmcyiplbneebyvhssmm,mjmqjI,715yh144.9v5j0.com
/home/ninini/Agents/APK-Research/new_samples/712pt04.y0dly.com.apk,xyp.krcuxlaxhayc.amexobcdndajvmajyq,aIDIQV,712pt04.y0dly.com
/home/ninini/Agents/APK-Research/new_samples/714yhq8.6n3cl.com.apk,mfw.moaurctkpkcv.tycvdcxlegfeypruvtvx,aagrvJ,714yhq8.6n3cl.com
/home/ninini/Agents/APK-Research/new_samples/721cpa1.1ggwp.com.apk,wjj.xwonurutkyrblkm.utapenfdgascrgjxdrdu,tvdsuh,721cpa1.1ggwp.com
/home/ninini/Agents/APK-Research/new_samples/721cpa5.vbbon.com.apk,fgc.dsaktbcndjbklsk.ahwitgspvigrvaenvovo,mJzeoB,721cpa5.vbbon.com
/home/ninini/Agents/APK-Research/new_samples/712cpb05.z3h21.com.apk,hlv.amjtosoqemc.nalyxrjoyuwxqqik,uczZmC,712cpb05.z3h21.com
/home/ninini/Agents/APK-Research/new_samples/714cpk22.n1byg.com.apk,ehe.cmpvinpntnva.kagoqjughdcewersgkec,KJSyuG,714cpk22.n1byg.com
/home/ninini/Agents/APK-Research/new_samples/712yh102.v3sbo.com.apk,ehe.cmpvinpntnva.kagoqjughdcewersgkec,KJSyuG,712yh102.v3sbo.com
/home/ninini/Agents/APK-Research/new_samples/715cpb01.73idx.com.apk,fgo.rxvgcffcfmw.sgkfkrqlsoimwkvo,lUTdtU,715cpb01.73idx.com
/home/ninini/Agents/APK-Research/new_samples/718sl090.xh97o.com.apk,gik.fwvmjgndsnm.mvfcirnupqeqnsw,RheEsj,718sl090.xh97o.com
/home/ninini/Agents/APK-Research/new_samples/719cpb02.gtr3i.com.apk,dyf.xkrrpujjyel.lhjqemsltamiufso,nmCWQV,719cpb02.gtr3i.com
/home/ninini/Agents/APK-Research/new_samples/714b159.owu1n.com.apk,eqqkkodpr.wisjhuufyqvrhmig.byuxgxyx,HFIUjC,714b159.owu1n.com
/home/ninini/Agents/APK-Research/new_samples/714cpk20.wd4ii.com.apk,iyb.oibyskkqsgne.urmgkehqbsfrwkxtkeoj,IcuxOw,714cpk20.wd4ii.com
/home/ninini/Agents/APK-Research/new_samples/71du012.7dqnu.com.apk,tae.bpgmbwdascw.yyfuaphfhflpfpr,XmWQdz,71du012.7dqnu.com
/home/ninini/Agents/APK-Research/new_samples/712c134.2y0vn.com.apk,etc.goghjtijgjyfcaj.otuiuwcavfbj,bUeZrA,712c134.2y0vn.com
/home/ninini/Agents/APK-Research/new_samples/713c31.6bsi0.com.apk,dgq.oofjwbqkdjivaiw.sdrqfmjkgalw,NZisAf,713c31.6bsi0.com
/home/ninini/Agents/APK-Research/new_samples/714cpk21.6p3n0.com.apk,agx.isaxihwwssfd.lfbvpqgwvaxunnuxcpiy,aeHheS,714cpk21.6p3n0.com
/home/ninini/Agents/APK-Research/new_samples/711cpb15.nbnii.com.apk,hpm.edwledbelcj.kmjiwumyrfwhkrun,vVCqtQ,711cpb15.nbnii.com
/home/ninini/Agents/APK-Research/new_samples/712b205.c8aha.com.apk,eouibebyy.gvtsaeajpmbuihpl.islvjukj,obbBWA,712b205.c8aha.com
/home/ninini/Agents/APK-Research/new_samples/712cpb01.n3tbr.com.apk,vcd.tfyncjtucsr.sasvsyqmtxnmprfr,xiwbuP,712cpb01.n3tbr.com
/home/ninini/Agents/APK-Research/new_samples/713b111.yr6qs.com.apk,fnfvngdhf.mkltypmtbgiqbqff.lvehkklf,WTtNMT,713b111.yr6qs.com
/home/ninini/Agents/APK-Research/new_samples/711cpk21.0x8ls.com.apk,iul.uwokrfwrlnwm.wbwitbuwiafnxotwhxnw,urlrSw,711cpk21.0x8ls.com
/home/ninini/Agents/APK-Research/new_samples/711c173.f5ank.com.apk,epk.eopdldfgtsom.nsqtlosjoyveviapqj,rGNqBT,711c173.f5ank.com
/home/ninini/Agents/APK-Research/new_samples/711cpb15.as6sz.com.apk,yhc.vgbbolnhbfb.onixcdeinvielyht,RXyUXn,711cpb15.as6sz.com
/home/ninini/Agents/APK-Research/new_samples/712sl001.06ft6.com.apk,evx.vkrqnvdpduy.osjfjnjxvrqkuow,nRQilq,712sl001.06ft6.com
/home/ninini/Agents/APK-Research/new_samples/715b340.ne2rm.com.apk,lleogyfgl.uhqojpbxtygsthlg.yfwuebiu,xcdXBw,715b340.ne2rm.com
/home/ninini/Agents/APK-Research/new_samples/721cpk17.wd4ii.com.apk,ckg.hanljnreamho.eogrbtfmgghqwynlqkvq,MzCGZq,721cpk17.wd4ii.com
/home/ninini/Agents/APK-Research/new_samples/711b285.kvd55.com.apk,pyxbbnydc.mupanoodbjuvvhoc.tuujqrid,ojreBM,711b285.kvd55.com
/home/ninini/Agents/APK-Research/new_samples/711cpb15.qofya.com.apk,cvy.ecmpaknlvqd.eivowhoemitpqlqu,STJgYr,711cpb15.qofya.com
/home/ninini/Agents/APK-Research/new_samples/711cpb15.qwdfm.com.apk,cvy.ecmpaknlvqd.eivowhoemitpqlqu,STJgYr,711cpb15.qwdfm.com
/home/ninini/Agents/APK-Research/new_samples/712cpa6.hcvfe.com.apk,yev.bgtonilpgmjhtfj.sgdxanbenrokcqjgpnbk,ljvEmY,712cpa6.hcvfe.com
/home/ninini/Agents/APK-Research/new_samples/71du022.k84vw.com.apk,dfs.acgpeldmfpf.cbuagfvuggfcnpt,Ypjnjy,71du022.k84vw.com
/home/ninini/Agents/APK-Research/new_samples/710c102.2ps8d.com.apk,plf.xgxxfywkpyks.msmptalfipgdxrejbq,UHOXas,710c102.2ps8d.com
/home/ninini/Agents/APK-Research/new_samples/721sl154.jjzd8.com.apk,dxn.ijbqedoihaa.oyqcnxkwfwhdvxv,HhwFMU,721sl154.jjzd8.com
/home/ninini/Agents/APK-Research/new_samples/718cpb01.mw64u.com.apk,hhi.kudpmewcdex.btcnwdtwfrpoykeu,sZpNrN,718cpb01.mw64u.com
/home/ninini/Agents/APK-Research/new_samples/714yh119.lo0me.com.apk,eox.cdpuionfdxlk.grgwgahgoojfdwwgqjrj,ZbBJqU,714yh119.lo0me.com
/home/ninini/Agents/APK-Research/new_samples/71du004.mj56l.com.apk,nat.umduisvulof.vdjvjeurjdbahxg,yGwxwM,71du004.mj56l.com
/home/ninini/Agents/APK-Research/new_samples/718c24.mvw99.com.apk,sly.ncmwsjtyogld.ipyfbcgfvbnwxfwjfo,ESPaiR,718c24.mvw99.com
/home/ninini/Agents/APK-Research/new_samples/718sl183.ist99.com.apk,boo.mlwmctdmntf.qbrfnyejyvftuqs,mgVutm,718sl183.ist99.com
/home/ninini/Agents/APK-Research/new_samples/721bh150.ke6qv.com.apk,pjo.vvxtaifqynfkv.tlooqphbceuovudxiuk,ZzqpDE,721bh150.ke6qv.com
/home/ninini/Agents/APK-Research/new_samples/711cpk26.wd4ii.com.apk,osf.qoxhejmucobi.pnmfebwnsqsjjdnyumma,MPqdpl,711cpk26.wd4ii.com
/home/ninini/Agents/APK-Research/new_samples/718sf3.4caef.com.apk,hvkbmialx.qdlqrltgdepxubte.cuguaccn,tGKYzS,718sf3.4caef.com
/home/ninini/Agents/APK-Research/new_samples/719b111.fn6lj.com.apk,hvkbmialx.qdlqrltgdepxubte.cuguaccn,tGKYzS,719b111.fn6lj.com
/home/ninini/Agents/APK-Research/new_samples/721c538.3n1no.com.apk,nra.jrcrrupydlvmaih.bbxuhmjiixnp,jDrHHl,721c538.3n1no.com
/home/ninini/Agents/APK-Research/new_samples/710a294.hzrh1.com.apk,vsytdwwos.sxbyxmxhwbrfrpdg.yspiieex,wdEcho,710a294.hzrh1.com
/home/ninini/Agents/APK-Research/new_samples/713c166.za93a.com.apk,vso.ntyfpkdiagne.bklbvtqsjmqrbfbxxn,UaSqjx,713c166.za93a.com
/home/ninini/Agents/APK-Research/new_samples/713cpa3.av6ix.com.apk,qgu.fbqfhupytsueqwc.cesxmuyabhsrjjbdwvbv,uzdiNO,713cpa3.av6ix.com
/home/ninini/Agents/APK-Research/new_samples/714sl148.afhwq.com.apk,cdh.mxxksvenuly.xagxwaxwdofdxei,zBPkhh,714sl148.afhwq.com
/home/ninini/Agents/APK-Research/new_samples/715pt3.p206i.com.apk,ets.fshlprvchtob.molmiofnyotdbmjbrv,ZQVfpR,715pt3.p206i.com
/home/ninini/Agents/APK-Research/new_samples/71du022.dk7vd.com.apk,cdh.mxxksvenuly.xagxwaxwdofdxei,zBPkhh,71du022.dk7vd.com
/home/ninini/Agents/APK-Research/new_samples/721cpk21.0x8ls.com.apk,sic.meboroivjpta.xccumyyelgchqqeuwgry,GzMCZi,721cpk21.0x8ls.com
/home/ninini/Agents/APK-Research/new_samples/715cpb05.z2nzr.com.apk,mbu.ycxduloojlt.mogxjnunsslkfbal,goHimQ,715cpb05.z2nzr.com
/home/ninini/Agents/APK-Research/new_samples/711c28.f5ank.com.apk,wrn.amjqmkbynooc.fanhyoxxkuhchmfpue,xXwCYW,711c28.f5ank.com
/home/ninini/Agents/APK-Research/new_samples/721a1.aw98z.com.apk,qoueqcmtv.ciakxjhvlkcvrjbs.ybgdeixg,chpNpG,721a1.aw98z.com
/home/ninini/Agents/APK-Research/new_samples/711cpb15.geh6f.com.apk,sls.umgdiqwfnif.roovpasfoumdhutt,cBFcvr,711cpb15.geh6f.com
/home/ninini/Agents/APK-Research/new_samples/711sl085.szmwk.com.apk,yts.yvipkbrmabfoyfk.kvpbxilsrflkx,cjgfTZ,711sl085.szmwk.com
/home/ninini/Agents/APK-Research/new_samples/714yh158.6n3cl.com.apk,syf.pdlkevxymmmp.suwonastcttfruwjnhbn,vRcDIQ,714yh158.6n3cl.com
/home/ninini/Agents/APK-Research/new_samples/715sl041.tdbp6.com.apk,tci.gohiamtksedyfiy.sntrqcmejimir,TUxsKR,715sl041.tdbp6.com
/home/ninini/Agents/APK-Research/new_samples/716sf3.b1w5h.com.apk,pkxbocjvd.kqndikjtpnrfpwyp.tykqciph,xJpzvr,716sf3.b1w5h.com
/home/ninini/Agents/APK-Research/new_samples/711cpa5.9h87d.com.apk,ucq.ofttprwsvobjjtt.bkpmvgqecrakxkfyctsw,bGHvGx,711cpa5.9h87d.com
/home/ninini/Agents/APK-Research/new_samples/711d29.1scvr.top.apk,xnk.jyabjumdvajtpewc.imhpbxufxlqlafiqj,ojQhsW,711d29.1scvr.top
/home/ninini/Agents/APK-Research/new_samples/71du008.7dqnu.com.apk,pfl.lklsvdmpyrxmqht.kexakxiclxcyd,pNLlGc,71du008.7dqnu.com
/home/ninini/Agents/APK-Research/new_samples/712d169.ojq08.com.apk,wgf.kaehspqrpjud.yhflctghtucouhcfqj,hFRkix,712d169.ojq08.com
/home/ninini/Agents/APK-Research/new_samples/712sl001.79nmn.com.apk,pfl.lklsvdmpyrxmqht.kexakxiclxcyd,pNLlGc,712sl001.79nmn.com
/home/ninini/Agents/APK-Research/new_samples/714yh49.lo0me.com.apk,rgv.rvoxclktclty.hckctagvvpcaygwnwsal,zKYPSD,714yh49.lo0me.com
/home/ninini/Agents/APK-Research/new_samples/721cpa11.n1byg.com.apk,qiw.bmddfvftomnr.muaokdrwjhpohioclybf,EdyiVy,721cpa11.n1byg.com
/home/ninini/Agents/APK-Research/new_samples/713sl001.paxrs.com.apk,fxa.iybdcxehsdplrxb.jlmjkacxtqtev,ZpFnCQ,713sl001.paxrs.com
/home/ninini/Agents/APK-Research/new_samples/718yh144.oxq3k.com.apk,mvn.vhptsweeyfch.gantfhdcvpcmnqnhqvkq,sJTCsJ,718yh144.oxq3k.com
/home/ninini/Agents/APK-Research/new_samples/711cpa10.9h87d.com.apk,pob.usprnsdhalvimep.kclwgmkgxdoriikeirxh,HSLLNp,711cpa10.9h87d.com
/home/ninini/Agents/APK-Research/new_samples/711cpb15.i628x.com.apk,kbb.wlrukquocwx.qoskvnrcvgbbgapr,wzMMTM,711cpb15.i628x.com
/home/ninini/Agents/APK-Research/new_samples/713d21.2oedb.top.apk,irq.jbirhrkpoykuyyeq.ambsgenunyonvbosm,KxDyHB,713d21.2oedb.top
/home/ninini/Agents/APK-Research/new_samples/714yh161.uimyv.com.apk,mvn.vhptsweeyfch.gantfhdcvpcmnqnhqvkq,sJTCsJ,714yh161.uimyv.com
/home/ninini/Agents/APK-Research/new_samples/716cpa2.7q25t.com.apk,swo.ivmsuxfctldnrmv.lgoavpfoxiakhictomuo,yPTUuT,716cpa2.7q25t.com
/home/ninini/Agents/APK-Research/new_samples/719cpa1.rlmoq.com.apk,rio.lyctfimjloynryc.htfcdnwvlvlouxhijqaw,YfWWVD,719cpa1.rlmoq.com
/home/ninini/Agents/APK-Research/new_samples/719sl024.buv1l.com.apk,kvi.eiebhimvicjixyw.kupsgrydnpliw,VSHoyu,719sl024.buv1l.com
/home/ninini/Agents/APK-Research/new_samples/719sl094.buv1l.com.apk,kvi.eiebhimvicjixyw.kupsgrydnpliw,VSHoyu,719sl094.buv1l.com
/home/ninini/Agents/APK-Research/new_samples/715sl082.rdtho.com.apk,kvi.eiebhimvicjixyw.kupsgrydnpliw,VSHoyu,715sl082.rdtho.com
/home/ninini/Agents/APK-Research/new_samples/712b287.ykt28.com.apk,awyitaryy.ncaghxktgnhjnuob.rauvtjxl,riZRQL,712b287.ykt28.com
/home/ninini/Agents/APK-Research/new_samples/713sl207.biyhc.com.apk,gxi.fiaposxrandkgbf.fyyhxksatxedi,kuDYhg,713sl207.biyhc.com
/home/ninini/Agents/APK-Research/new_samples/714cpk20.p8vd4.com.apk,dre.eeyijydawtxa.prykfxtxcnggwialrund,EVOfoF,714cpk20.p8vd4.com
/home/ninini/Agents/APK-Research/new_samples/715cpa2.rr8kr.com.apk,sry.ftifdktrxlflbbc.vqcfmlxkcivlnrunpxpr,uTOtiV,715cpa2.rr8kr.com
/home/ninini/Agents/APK-Research/new_samples/712sl050.ptk2w.com.apk,yiq.sbksxrhndssjjsw.bipqrefshjdsn,NVjSBQ,712sl050.ptk2w.com
/home/ninini/Agents/APK-Research/new_samples/712c494.9zq18.com.apk,otx.xiblepaxyoyvkcbd.dvfdrwskyjfdairsh,MJvfLl,712c494.9zq18.com
/home/ninini/Agents/APK-Research/new_samples/714cpk19.0x8ls.com.apk,bnb.svgbuypvpqgw.ajtlualhjmxcirsosycr,IlEJrS,714cpk19.0x8ls.com
/home/ninini/Agents/APK-Research/new_samples/721b11.ah4cm.com.apk,pqbryplnk.tpoinebmpuyfbjih.nygctyse,qAtcRA,721b11.ah4cm.com
/home/ninini/Agents/APK-Research/new_samples/721yh366.0x8ls.com.apk,ekv.pnsjexcoyxaa.enkbtxqjwtgmtwtvrxba,hMYNnh,721yh366.0x8ls.com
/home/ninini/Agents/APK-Research/new_samples/711cpa6.hahh6.com.apk,tnh.sgguwcirjkdtgun.dhvcsihjvryrwopieksx,KuMKJX,711cpa6.hahh6.com
/home/ninini/Agents/APK-Research/new_samples/716c107.p1euq.com.apk,vsp.hlniebocatrryyve.ugmusqqyfhhjxenkc,rwLvFt,716c107.p1euq.com
/home/ninini/Agents/APK-Research/new_samples/719cpa8.ea4ym.com.apk,iow.myqwbygfuhgjoyu.xxykdjxcmoucbivjoesb,gUVwbw,719cpa8.ea4ym.com
/home/ninini/Agents/APK-Research/new_samples/711cpb01.t70qz.com.apk,bjh.hhgbpbvcfiy.pywrgeylnaebfhqt,vfUAWG,711cpb01.t70qz.com
/home/ninini/Agents/APK-Research/new_samples/719c88.9wl6g.com.apk,rvx.rdhrikbtrawwgbhs.yyubsounbotvfepwo,KzFSji,719c88.9wl6g.com
/home/ninini/Agents/APK-Research/new_samples/711a270.ko6qn.com.apk,kqstvjemx.ldrpgcikjxhyfhae.kmnlmlwr,DpuhoH,711a270.ko6qn.com
/home/ninini/Agents/APK-Research/new_samples/713yh61.y1ess.com.apk,wnk.ydxhrhdsyjgw.karrhpntigtkrsysanlx,TpSNlz,713yh61.y1ess.com
/home/ninini/Agents/APK-Research/new_samples/710c387.3gxzr.com.apk,vwe.cidkegcgijoxdwdf.nosvfcjktmsjkcbob,kBQhyI,710c387.3gxzr.com
/home/ninini/Agents/APK-Research/new_samples/721sl243.lj38t.com.apk,wte.qwydtoekjdtfure.mouhuqimbcwpt,oPbfNX,721sl243.lj38t.com
/home/ninini/Agents/APK-Research/new_samples/710yh458.6j75s.com.apk,gqv.ycwcjxedlipl.agolprpgwgbdqoxsjggq,dRmayd,710yh458.6j75s.com
/home/ninini/Agents/APK-Research/new_samples/711cpb15.gzz9n.com.apk,mmt.mcrwxfmhmeh.dtmwweexdkmyuamj,JvhXIV,711cpb15.gzz9n.com
/home/ninini/Agents/APK-Research/new_samples/711cpb16.3f4x4.com.apk,mmt.mcrwxfmhmeh.dtmwweexdkmyuamj,JvhXIV,711cpb16.3f4x4.com
/home/ninini/Agents/APK-Research/new_samples/721cpk19.n1byg.com.apk,gqv.ycwcjxedlipl.agolprpgwgbdqoxsjggq,dRmayd,721cpk19.n1byg.com
/home/ninini/Agents/APK-Research/new_samples/715b286.kucvg.com.apk,ofljehrth.amngyrsmlafwpeyn.otqscjip,eKuGUI,715b286.kucvg.com
/home/ninini/Agents/APK-Research/new_samples/716cpb06.xmidw.com.apk,qsx.fdmmndwkife.qfboctslqihdkmnn,yxPHeM,716cpb06.xmidw.com
/home/ninini/Agents/APK-Research/new_samples/718c88.7b4kq.com.apk,whw.rtyjwsjureibsvdk.jouypwxlqfrquetah,GISEoZ,718c88.7b4kq.com
/home/ninini/Agents/APK-Research/new_samples/721yh256.0x8ls.com.apk,tne.vycqdtbervjc.lfteylodrbfslibirgmw,zboNyw,721yh256.0x8ls.com
/home/ninini/Agents/APK-Research/new_samples/712c41.h75wu.com.apk,ghk.nbotofvvoxjambmy.fmecbunwbexnvkpjy,WARBae,712c41.h75wu.com
/home/ninini/Agents/APK-Research/new_samples/711cpb01.vci3l.com.apk,qsx.fdmmndwkife.qfboctslqihdkmnn,yxPHeM,711cpb01.vci3l.com
/home/ninini/Agents/APK-Research/new_samples/711yh54.6esi7.com.apk,tne.vycqdtbervjc.lfteylodrbfslibirgmw,zboNyw,711yh54.6esi7.com
/home/ninini/Agents/APK-Research/new_samples/71du022.ydgl1.com.apk,rey.vuxrxflelntqjhp.cbdggtjsopvvq,amAyMC,71du022.ydgl1.com
/home/ninini/Agents/APK-Research/new_samples/712c490.mqlts.com.apk,mxi.ruggatxjcvxrcvho.gknjvbjjtqgcqlpyv,dBsrAO,712c490.mqlts.com
/home/ninini/Agents/APK-Research/new_samples/711yh10.xn8l1.com.apk,ecn.agbpobdmkbgq.grseafifdcxxxetbenon,ZiBnKH,711yh10.xn8l1.com
/home/ninini/Agents/APK-Research/new_samples/721cpk20.z3x4k.com.apk,ecn.agbpobdmkbgq.grseafifdcxxxetbenon,ZiBnKH,721cpk20.z3x4k.com
/home/ninini/Agents/APK-Research/new_samples/710a208.2di3p.com.apk,tinnaekie.gvbiuocmcrwxuxbw.qknaefhn,hrMauL,710a208.2di3p.com
/home/ninini/Agents/APK-Research/new_samples/710sl191.cazhc.com.apk,urf.ymlhfjwrcclubxe.rxbhuntfsjdhi,KHHxfS,710sl191.cazhc.com
/home/ninini/Agents/APK-Research/new_samples/715b287.83u70.com.apk,ujothbrdp.esfnvpaisbnrssvp.bbtpckom,yIwznC,715b287.83u70.com
/home/ninini/Agents/APK-Research/new_samples/711sl081.jixzm.com.apk,iaa.ufynqlvgvihcgfs.mfjsyuqhfxqng,UPQmVZ,711sl081.jixzm.com
/home/ninini/Agents/APK-Research/new_samples/721cpk15.z3x4k.com.apk,cwt.vuptjggbxlyp.mfhtnmlqieduahpaiyky,TBHtqq,721cpk15.z3x4k.com
/home/ninini/Agents/APK-Research/new_samples/711yh34.6esi7.com.apk,bbs.pcpjlxxapvev.kemkynxwrolnbykbekru,YTdlrf,711yh34.6esi7.com
/home/ninini/Agents/APK-Research/new_samples/711cpb15.408ku.com.apk,xoj.okmetanbopd.jtggljdorchlxnqg,Ftfgrk,711cpb15.408ku.com
/home/ninini/Agents/APK-Research/new_samples/716c175.gko35.com.apk,tyv.dlbhofggyimbkjqh.unxpfmfuccqhvreos,zbVxkS,716c175.gko35.com
/home/ninini/Agents/APK-Research/new_samples/715cpb01.17xep.com.apk,xoj.okmetanbopd.jtggljdorchlxnqg,Ftfgrk,715cpb01.17xep.com
/home/ninini/Agents/APK-Research/new_samples/71du008.e2oyw.com.apk,wdu.udltsyjvmkphbvq.fgnobdmskegjq,YJkpMQ,71du008.e2oyw.com
/home/ninini/Agents/APK-Research/new_samples/713cpa9.yzy2y.com.apk,imb.agjqdwdhhbjfoyh.apwmguhwdfcfpmpcmwpv,PScUJj,713cpa9.yzy2y.com
/home/ninini/Agents/APK-Research/new_samples/721yh97.n1byg.com.apk,bji.hkmtqvbngcgb.wsxwiapyydyqysliowlx,LKznhW,721yh97.n1byg.com
/home/ninini/Agents/APK-Research/new_samples/714cpa2.u2d8e.com.apk,twu.tckwisvlaeogehs.apelyddoxjmxdshtgbdf,YZYhCw,714cpa2.u2d8e.com
/home/ninini/Agents/APK-Research/new_samples/716pt3.apu9q.com.apk,hrx.gdvflecmsppx.hfpgshwidyefemlaik,bJlMgF,716pt3.apu9q.com
/home/ninini/Agents/APK-Research/new_samples/715sf2.ne2rm.com.apk,benkulsbi.matesrtqttvanaoo.pavnxrni,KvEZtT,715sf2.ne2rm.com
/home/ninini/Agents/APK-Research/new_samples/710cpa1.p7jj6.com.apk,benkulsbi.matesrtqttvanaoo.pavnxrni,KvEZtT,710cpa1.p7jj6.com
/home/ninini/Agents/APK-Research/new_samples/714sf1.128ja.com.apk,benkulsbi.matesrtqttvanaoo.pavnxrni,KvEZtT,714sf1.128ja.com
/home/ninini/Agents/APK-Research/new_samples/718pt1.mvw99.com.apk,hrx.gdvflecmsppx.hfpgshwidyefemlaik,bJlMgF,718pt1.mvw99.com
/home/ninini/Agents/APK-Research/new_samples/718a133.zhci1.com.apk,benkulsbi.matesrtqttvanaoo.pavnxrni,KvEZtT,718a133.zhci1.com
/home/ninini/Agents/APK-Research/new_samples/716yh30.855su.com.apk,pun.kiwvnyjeohhg.nspepllgpweicepafeig,cGCpQA,716yh30.855su.com
/home/ninini/Agents/APK-Research/new_samples/719yhq16.lg3af.com.apk,pun.kiwvnyjeohhg.nspepllgpweicepafeig,cGCpQA,719yhq16.lg3af.com
/home/ninini/Agents/APK-Research/new_samples/721cpk12.wd4ii.com.apk,ran.esrbenakldod.vjylrgqaxthaeeydppdb,ALvqVL,721cpk12.wd4ii.com
/home/ninini/Agents/APK-Research/new_samples/711cpa10.i10o6.com.apk,iln.jxvogxduylevdio.slawdqwaynuydobnuvqr,rtzubk,711cpa10.i10o6.com
/home/ninini/Agents/APK-Research/new_samples/718cpa9.lmlq8.com.apk,qmj.icoolloyvmoutcg.ytesmobvrkvnpxottpwd,LdXSTy,718cpa9.lmlq8.com
/home/ninini/Agents/APK-Research/new_samples/712cpa2.bd1h9.com.apk,qmj.icoolloyvmoutcg.ytesmobvrkvnpxottpwd,LdXSTy,712cpa2.bd1h9.com
/home/ninini/Agents/APK-Research/new_samples/719yh231.g30y7.com.apk,hhc.ggeubapkckjr.mlyaaahpbtfueuihqtqa,SVbVew,719yh231.g30y7.com
/home/ninini/Agents/APK-Research/new_samples/718yhq10.4k164.com.apk,hhc.ggeubapkckjr.mlyaaahpbtfueuihqtqa,SVbVew,718yhq10.4k164.com
/home/ninini/Agents/APK-Research/new_samples/714cpa11.5zcq9.com.apk,qjt.estmdqsqestjsaa.xyxhkovjljbjmtuifhkr,gxmAUq,714cpa11.5zcq9.com
/home/ninini/Agents/APK-Research/new_samples/711yh201.v6yow.com.apk,bxw.pitdeeecstte.snxqrdoybjcbyflcscns,rkipqd,711yh201.v6yow.com
/home/ninini/Agents/APK-Research/new_samples/710yh261.xxy4x.com.apk,bxw.pitdeeecstte.snxqrdoybjcbyflcscns,rkipqd,710yh261.xxy4x.com
/home/ninini/Agents/APK-Research/new_samples/716yhq12.o3726.com.apk,bxw.pitdeeecstte.snxqrdoybjcbyflcscns,rkipqd,716yhq12.o3726.com
/home/ninini/Agents/APK-Research/new_samples/710yh313.xbrjj.com.apk,bxw.pitdeeecstte.snxqrdoybjcbyflcscns,rkipqd,710yh313.xbrjj.com
/home/ninini/Agents/APK-Research/new_samples/711cpk22.z3x4k.com.apk,rfe.ejinrjjxqwko.nfemncbkcwmrlycouuux,tjqVaG,711cpk22.z3x4k.com
/home/ninini/Agents/APK-Research/new_samples/719sf3.m05w0.com.apk,gmoafhfhm.rlebsgufymftiycc.rygjtesc,blLgZn,719sf3.m05w0.com
/home/ninini/Agents/APK-Research/new_samples/716sl120.b0416.com.apk,qco.rofhngjkupuqfpw.wjggtyxvwusdi,VvTpbW,716sl120.b0416.com
/home/ninini/Agents/APK-Research/new_samples/713sl001.awws6.com.apk,qco.rofhngjkupuqfpw.wjggtyxvwusdi,VvTpbW,713sl001.awws6.com
/home/ninini/Agents/APK-Research/new_samples/714sf3.4s2u8.com.apk,wfrqwwkmb.ssvfcrssygyoedgr.ajrkkssp,ZDRyeO,714sf3.4s2u8.com
/home/ninini/Agents/APK-Research/new_samples/715a286.rpw0b.com.apk,wfrqwwkmb.ssvfcrssygyoedgr.ajrkkssp,ZDRyeO,715a286.rpw0b.com
/home/ninini/Agents/APK-Research/new_samples/71du012.oev96.com.apk,yjj.sgicaxvbaboklka.vsvxecovadmxe,EijVuC,71du012.oev96.com
/home/ninini/Agents/APK-Research/new_samples/71du009.3uyq5.com.apk,yjj.sgicaxvbaboklka.vsvxecovadmxe,EijVuC,71du009.3uyq5.com
/home/ninini/Agents/APK-Research/new_samples/719yh56.g30y7.com.apk,uuk.jnvigkbtftei.fhqiqntxivtrheuydtot,qLJDLU,719yh56.g30y7.com
/home/ninini/Agents/APK-Research/new_samples/719yh9.1exl1.com.apk,nef.uvlnlcaqcfya.njthhbpmqqanedfmjihq,Mjpjhr,719yh9.1exl1.com
/home/ninini/Agents/APK-Research/new_samples/71du004.79nmn.com.apk,mpf.iwicvmafnjfjrwe.xereddnctygbu,XFDgAK,71du004.79nmn.com
/home/ninini/Agents/APK-Research/new_samples/721a257.t8rfn.com.apk,bgxaotfeg.scceexmascjwfgeq.qkhpdbyh,gTITub,721a257.t8rfn.com
/home/ninini/Agents/APK-Research/new_samples/716a86.jnch7.com.apk,qcmynyfkg.sdfdbbcjwampovjb.kcvwhuie,VXvikN,716a86.jnch7.com
/home/ninini/Agents/APK-Research/new_samples/712pt03.ujxtx.com.apk,daj.aseboidlates.pkqmyahjqtnbwmrocw,AUFxNF,712pt03.ujxtx.com
/home/ninini/Agents/APK-Research/new_samples/714c29.27gc2.com.apk,bjl.jblhuktputwo.fgwfgbevsowfaakvmo,sfKyic,714c29.27gc2.com
/home/ninini/Agents/APK-Research/new_samples/71du009.awws6.com.apk,vcq.sqlvgkimsisadbf.gxlbydxkqgdbr,qewLZY,71du009.awws6.com
/home/ninini/Agents/APK-Research/new_samples/711yh129.6esi7.com.apk,yhr.ldykneaqkuwn.dxewdxdyvgknifpaspkn,glpUyz,711yh129.6esi7.com
/home/ninini/Agents/APK-Research/new_samples/718c75.rh7fs.com.apk,ekk.gwmgadwrknmxpadf.goibtgnvbifeybewq,rLbRnB,718c75.rh7fs.com
/home/ninini/Agents/APK-Research/new_samples/711cpb20.as6sz.com.apk,lnh.vvkgxiamhbp.qtdoqsgyxipunygy,yyIBqb,711cpb20.as6sz.com
/home/ninini/Agents/APK-Research/new_samples/715c261.rt02v.com.apk,ekk.gwmgadwrknmxpadf.goibtgnvbifeybewq,rLbRnB,715c261.rt02v.com
/home/ninini/Agents/APK-Research/new_samples/712cpb02.emxua.com.apk,lnh.vvkgxiamhbp.qtdoqsgyxipunygy,yyIBqb,712cpb02.emxua.com
/home/ninini/Agents/APK-Research/new_samples/713pt3.jilj2.com.apk,nsu.esndheetdyue.jybjivaxvnclgvaqvq,vYnyDJ,713pt3.jilj2.com
/home/ninini/Agents/APK-Research/new_samples/714sl026.3nsw0.com.apk,mah.rhivpcxxocwcedi.jfeeokpdjcdqn,tpqPje,714sl026.3nsw0.com
/home/ninini/Agents/APK-Research/new_samples/721cpa3.l662t.com.apk,hgx.hotcgcfjlfhmxhk.rqttxqscinnfoormfjxe,dXRhfC,721cpa3.l662t.com
/home/ninini/Agents/APK-Research/new_samples/712sf01.k2dav.com.apk,yvevhrrew.liqbpfscrfhdapkq.nhtcjmgm,XCYDfc,712sf01.k2dav.com
/home/ninini/Agents/APK-Research/new_samples/713c238.e39d3.com.apk,bhl.qpxfeuwmeoqtecyr.tkpaoipupynvnsawk,PgCkxu,713c238.e39d3.com
/home/ninini/Agents/APK-Research/new_samples/711cpa2.7k82a.com.apk,shu.afvwyjeucqgrmds.tfmdeqtuledkoxkxgwne,WIJoyt,711cpa2.7k82a.com
/home/ninini/Agents/APK-Research/new_samples/721d136.hkqwt.com.apk,lem.ldmwlcbfotfd.wtgijspdirwbwcyeuw,XjBPzO,721d136.hkqwt.com
/home/ninini/Agents/APK-Research/new_samples/721yh40.z3x4k.com.apk,nsj.yvyjqkxdatbv.xutustqauxrmgnrtwwsu,OTxVtY,721yh40.z3x4k.com
/home/ninini/Agents/APK-Research/new_samples/721yh485.z3x4k.com.apk,nsj.yvyjqkxdatbv.xutustqauxrmgnrtwwsu,OTxVtY,721yh485.z3x4k.com
/home/ninini/Agents/APK-Research/new_samples/718sf2.nsnrb.com.apk,mlv.sbxgehhseddf.kqdvjgomabfjrirrpj,eVdshp,718sf2.nsnrb.com
/home/ninini/Agents/APK-Research/new_samples/719yhq3.g30y7.com.apk,nsj.yvyjqkxdatbv.xutustqauxrmgnrtwwsu,OTxVtY,719yhq3.g30y7.com
/home/ninini/Agents/APK-Research/new_samples/715yh119.9v5j0.com.apk,uix.novlynnpcatn.yimrxxoaamhwejmvfyaw,AsQdQW,715yh119.9v5j0.com
/home/ninini/Agents/APK-Research/new_samples/710b245.l5neq.com.apk,pjstltpsr.ouqoxtvcqbjyfhrs.jakmkqih,dsQXSj,710b245.l5neq.com
/home/ninini/Agents/APK-Research/new_samples/714cpb05.j5lwx.com.apk,abe.tlorfveunnk.nownoelumwtismqi,chBzFP,714cpb05.j5lwx.com
/home/ninini/Agents/APK-Research/new_samples/719n051.gtr3i.com.apk,gru.dkbltacbrpn.sunudkfmcomyybwj,YPijFO,719n051.gtr3i.com
/home/ninini/Agents/APK-Research/new_samples/711b209.bixfl.com.apk,pnmnbjolw.ahfcjoipqvxdgljj.icpupnpt,DzYAoZ,711b209.bixfl.com
